keyword,title,description,pub_date,link,original_link
강아지아토피,"불스원 팅커벨, 반려동물 전용 고체 탈취제 출시","고양이가 선호하는 캣닢 추출 성분과 강아지·고양이의 심리적 안정을 위한 녹차 씨앗 추출 성분도 더했다. 제품은 무색소, 알러지 프리, 초미향 설계로 자극을 줄였다. 비건 인증, 아토피 피부 저자극 인증, 반려동물 협회...",2026-06-02 10:38:00+09:00,http://www.hansbiz.co.kr/news/articleView.html?idxno=842038,http://www.hansbiz.co.kr/news/articleView.html?idxno=842038
강아지아토피,"불스원 팅커벨, 반려동물 가구용 고체 탈취제 선봬","무색소, 알러지 프리, 초미향 설계를 바탕으로 자극적인 요소를 줄였고, 비건 인증과 아토피 피부 저자극... 고양이가 좋아하는 캣닢 추출 성분과 강아지·고양이의 심리적 안정을 고려한 녹차 씨앗 추출 성분도 더했다....",2026-06-02 09:46:00+09:00,https://www.ziksir.com/news/articleView.html?idxno=135579,https://www.ziksir.com/news/articleView.html?idxno=135579
강아지아토피,"HK이노엔, 국내 유일 JAK-1 억제제 반려동물 아토피 신약 3상 성공",HK이노엔은 반려동물(반려견) 아토피 피부염 치료 신약 IN-115314 경구제의 임상 3상을 성공적으로... 피부병변 개선효과는 수의학적으로 '강아지의 피부 상처와 염증이 얼마나 넓고 심하게 퍼져있는지'를 측정하는...,2026-06-01 16:50:00+09:00,https://www.cnbnews.com/news/articleView.html?idxno=1003348,https://www.cnbnews.com/news/articleView.html?idxno=1003348
강아지아토피,"""반려동물 만성피부질환, 통합관리 필요""…최신 치료 트렌드는",이날 주요 강의로는 강민희 장안대학교 교수가 '개(강아지) 아토피 피부염에서 JAK 억제제 기반 치료 전략'을 주제로 특강에 나섰다. 강 교수는 조에티스 아포퀠과 엘랑코 젠렐리아 활용법에 대해 설명했다. 강 교수는...,2026-05-17 18:25:00+09:00,https://n.news.naver.com/mnews/article/421/0008949824?sid=101,https://www.news1.kr/industry/general-industry/6169215
강아지아토피,[2026 너는 솔로 나는 반려] “피부 건강도 추억도 내 손으로”…‘펫비...,사진=주다솔 기자 “새로 입양할 강아지가 이 비누를 쓰고 늘 건강하고 행복하게 자랐으면 좋겠어요.”... 박 대표는 “첫째 반려견인 은동이가 아토피 피부염 때문에 밤잠을 설치며 가려워하는 모습을 지켜보며 시작하게...,2026-05-17 16:20:00+09:00,http://www.segyebiz.com/newsView/20260517508090?OutUrl=naver,http://www.segyebiz.com/newsView/20260517508090?OutUrl=naver
강아지아토피,"[알아BIO] ""댕냥이도 100세 시대?""…제약사, 펫시장 정조준","HK이노엔은 반려견 아토피 치료를 위한 신약을 개발 중인데, 경구용 치료제 임상 3상 단계에 진입했습니다.... ‘뚱냥이(비만 고양이)’와 ‘뚱멍이(비만 강아지)’는 한없이 귀엽지만, 귀여움이 지나칠수록 주인 곁에...",2026-05-16 06:00:00+09:00,https://n.news.naver.com/mnews/article/422/0000865356?sid=105,http://www.yonhapnewstv.co.kr/news/AKR20260514174619ywa
강아지아토피,충남수의사회에서도..‘반려 인구 감소 대책·컨퍼런스 통합’ 관심,높은 아토피성 피부염과 승모판 폐쇄부전(MMVD)을 주제로 강연에 나섰다.충청남도수의사회가 5월 10일(일)... 이날 연수교육에 참석한 한 동물병원장은 “강아지를 보기 힘들어진 지도 이미 오래됐다”고 말했다. 더욱이...,2026-05-12 07:52:00+09:00,https://www.dailyvet.co.kr/news/association/283169,https://www.dailyvet.co.kr/news/association/283169
강아지아토피,"[반려동물 건강이야기] 만성적인 구토와 설사, 분변이식으로 다스려요!","대표적인 증상으로는 설사와 구토가 있으며 강아지는 설사, 고양이는 구토가 주 증세로 보일 수 있다. 이... 또 FMT는 단백소실성장병증, 만성 설사, 아토피, 췌장염, 종양 등 다양한 질환에 적용이 가능하다. 스테로이드를...",2026-04-28 09:16:00+09:00,http://www.k-health.com/news/articleView.html?idxno=91889,http://www.k-health.com/news/articleView.html?idxno=91889
강아지아토피,"[마이펫페어] 펫 스킨케어 브랜드 버블부들, 강아지 고보습 아로마 샴푸...","참가해 강아지 고보습 아로마 샴푸를 선보인다고 밝혔다. 버블부들은 2017년부터 365일 안심하고 사용할 수... 노견, 아토피, 알로페시아 등 건조피부에 좋은 약산성 샴푸이다. 스킨365 관계자는 “미용사와 보호자 모두...",2026-04-13 14:20:00+09:00,https://n.news.naver.com/mnews/article/030/0003417216?sid=103,https://www.etnews.com/20260413000262
강아지아토피,"[반려동물 건강이야기] 긁고 핥고 비비고...고양이 아토피, 어떻게 관리...",하지만 고양이의 경우 강아지 아토피와 다른 양상으로 나타나 진단과 관리가 까다롭다. 특히 가려움증이 주된 증상이지만 전형적인 발적이나 습진형태가 뚜렷하지 않아 놓치기 쉽다. 따라서 초기 신호를 잘 인지하고...,2026-04-12 09:38:00+09:00,http://www.k-health.com/news/articleView.html?idxno=91503,http://www.k-health.com/news/articleView.html?idxno=91503
강아지아토피,"한국수의임상피부학회 콘퍼런스, 5월 17일 개최…초록도 접수",주요 강의로는 강민희 장안대학교 교수가 '개(강아지) 아토피 피부염에서 JAK 억제제 기반 치료 전략'을 주제로 특강에 나서 조에티스 아포퀠과 엘랑코 젠렐리아 활용법에 대해 설명할 예정이다. 채민주...,2026-03-30 19:25:00+09:00,https://n.news.naver.com/mnews/article/421/0008858540?sid=101,https://www.news1.kr/industry/general-industry/6119179
강아지아토피,"""반려동물에 건사료만? 여러 음식 먹이면 질병 발병률 낮아져""","수의계에 따르면 강아지, 고양이도 노화가 되면 DNA가 손상되고 각종 질병에 노출된다. 염색체 말단에서... 그는 4000마리 이상의 개를 대상으로 식이 방법을 달리해 알레르기, 아토피 피부염의 상관관계를 공개한 해외...",2026-03-25 19:26:00+09:00,https://n.news.naver.com/mnews/article/421/0008849180?sid=101,https://www.news1.kr/industry/general-industry/6114104
강아지아토피,'명의' 신유섭 교수의 알레르기 비염 치료법,"원인 물질은 엄마의 경우 강아지, 딸은 고양이로 밝혀졌다. 알레르기 비염은 단순히 코에만 국한된 질환이 아니다. 아토피 피부염부터 천식에 이르기까지 평생 다양한 질환을 차례로 겪을 수 있다. 오랫동안 함께해 온...",2026-03-20 21:56:00+09:00,https://www.bntnews.co.kr/article/view/bnt202603200208,https://www.bntnews.co.kr/article/view/bnt202603200208
강아지아토피,[명의] 알레르기 질환의 근본을 잡는 비염 최신 치료법,"""꽃이 피는 봄은 저에게 지옥이에요"" ""콧물이 생수병 500ml를 채울 정도로 흘러요"" ""강아지랑 있다 보니 숨이... 알레르기 비염 환자는 아토피 피부염부터 천식까지, 평생동안 다양한 알레르기 질환을 차례로 겪게 될 수...",2026-03-20 17:30:00+09:00,http://www.queen.co.kr/news/articleView.html?idxno=453335,http://www.queen.co.kr/news/articleView.html?idxno=453335
강아지아토피,다른 질병들과 '한 몸' 되는 알레르기 비염⋯극복하려면 어떻게 해야 하...,"알레르기 비염 환자는 아토피 피부염부터 천식까지, 평생동안 다양한 알레르기 질환을 차례로 겪게 될 수... 강아지와 고양이 두 마리를 함께 키우는 53세 여성. 재채기와 콧물을 달고 살던 그녀는 두 달 전부터 숨을...",2026-03-19 17:10:00+09:00,https://n.news.naver.com/mnews/article/031/0001014987?sid=103,http://www.inews24.com/view/1951034
강아지아토피,"[EBS 명의] 알레르기 비염, 아토피 피부염, 천식… 신유섭 교수, 알레르...","알레르기 비염 환자는 아토피 피부염부터 천식까지, 평생동안 다양한 알레르기 질환을 차례로 겪게 될 수... 강아지와 고양이 두 마리를 함께 키우는 53세 여성. 재채기와 콧물을 달고 살던 그녀는 두 달 전부터 숨을...",2026-03-19 16:40:00+09:00,https://www.lecturernews.com/news/articleView.html?idxno=198964,https://www.lecturernews.com/news/articleView.html?idxno=198964
강아지아토피,사료만으로 충분할까…반려동물 영양 '건강 유지vs증진' 구분 필요,"4000마리 이상의 개(강아지)를 분석한 연구에서는 다양한 음식을 경험한 개일수록 만성 장 질환과 식이 알레르기, 아토피 피부염 발생 위험이 낮았다. 반면 상업용 건사료만 급여한 경우 관련 질환 발생률이 더 높은 것으로...",2026-03-18 15:19:00+09:00,https://n.news.naver.com/mnews/article/421/0008833877?sid=101,https://www.news1.kr/industry/general-industry/6105677
강아지아토피,"펫 시장으로 향하는 제약사들, 연구개발 전략 바뀐다",어린 강아지부터 노령견까지 부담없이 섭취가 가능하다. 이와 함께 기능성 원료 함량을 100% 공개했다. 단순 제품 출시를 넘어 신약 개발 영역으로 확장하는 움직임도 나타나고 있다. 대웅제약은 반려동물 아토피 치료...,2026-02-24 13:00:00+09:00,http://www.mkhealth.co.kr/news/articleView.html?idxno=77689,http://www.mkhealth.co.kr/news/articleView.html?idxno=77689
강아지아토피,"""송도서 완성하는 임상의 기술""…제22회 카하 컨퍼런스 21일 개최","22일에는 최미현 본동물의료센터 원장의 '개(강아지), 고양이 간질환', 강정훈 오리진동물피부과병원 원장의 '아토피 치료', 이가현 해마루동물병원 영상의학센터 부장의 '위장관 폐색' 등 강의가 진행된다. 손원균...",2026-02-18 08:00:00+09:00,https://n.news.naver.com/mnews/article/421/0008778692?sid=101,https://www.news1.kr/industry/general-industry/6075172
강아지아토피,"제약사, 펫 헬스케어 전방위 확장…생활용품부터 신약까지","샴푸·덴탈껌·구강보조제·영양제 등 일상 관리 제품군을 확대하는 동시에, 아토피·당뇨 등 전문의약품... 1cm 미만의 펠릿 제형, 가수분해 연어 단백질 적용, 기능성 원료 함량 100% 공개 등을 내세워 어린 강아지부터...",2026-02-15 12:22:00+09:00,https://www.newsway.co.kr/news/view?ud=2026021115360187125,https://www.newsway.co.kr/news/view?ud=2026021115360187125
강아지아토피,"제약바이오 기업들, 20조원 반려동물 시장에 잇딴 제품 출시 경쟁",반려견용 아토피 피부염 치료제 '플로디시티닙'의 품목허가를 신청했다. 염증 신호 전달을 차단하는 JAK... 어린 강아지부터 노령견까지 쉽게 섭취할 수 있도록 설계했다. 조아제약은 반려견 전용 의약품 및 영양제...,2026-02-15 06:00:00+09:00,https://www.getnews.co.kr/news/articleView.html?idxno=861473,https://www.getnews.co.kr/news/articleView.html?idxno=861473
강아지아토피,"유유제약, '블루오션' 고양이 치료제 시장 개척","강아지보다 큰 고양이 시장, 무주공산 유원상 대표는 간담회에서 고양이 바이오의약품 시장을 리더가... 이어 ""현재 250억원 규모인 고양이 아토피 시장도 우리가 혁신 치료제를 내놓는다면 5000억원 규모까지 성장할 것...",2026-02-11 16:12:00+09:00,https://www.monews.co.kr/news/articleView.html?idxno=409643,https://www.monews.co.kr/news/articleView.html?idxno=409643
강아지아토피,"제약사, 반려동물 헬스케어 시장 공략 가속···치료제 개발 경쟁","1㎝ 미만 크기의 펠릿 제형으로 개발돼 어린 강아지부터 노령견까지 모두 섭취가 가능하다. 댕댕포스... 대웅제약은 지난해 12월, 농림축산검역본부에 반려견용 아토피피부염 치료제 '플로디시티닙'의 품목허가를...",2026-02-11 15:56:00+09:00,http://www.wsobi.com/news/articleView.html?idxno=304414,http://www.wsobi.com/news/articleView.html?idxno=304414
강아지아토피,유유제약 유원상 대표가 말하는 '고양이 약' 진출 이유,"그런데도 강아지의 1년 평균 진료비는 1500달러, 고양이는 최대 900달러 선에 불과하다. 2023년 조에티스가... 2  어떤 약을 개발할 것인가 ""목표는 아토피 치료 바이오의약품"" 유유바이오가 집중하는 첫 파이프라인은 고양이...",2026-02-11 14:16:00+09:00,https://www.hitnews.co.kr/news/articleView.html?idxno=73822,https://www.hitnews.co.kr/news/articleView.html?idxno=73822
강아지아토피,"""고양이 헬스케어 퍼스트무버 도약""…유유제약 오너 3세의 포부","미국 반려동물 의약품 시장은 강아지 중심으로 형성돼 있다. 관절염, 피부질환 등 주요 질환 치료제... 유유제약은 첫 타깃으로 고양이 아토피성 피부염을 선정했다. 아직 승인된 치료 옵션이 제한적이고 미충족 수요가...",2026-02-11 13:46:00+09:00,https://new.dailypharm.com/user/news/335675?REFERER=NP,https://new.dailypharm.com/user/news/335675?REFERER=NP
강아지아토피,"유유제약 ""역방향 혁신으로 헬스케어 생태계 재설계""","현재 고양이 아토피 피부염 치료제 시장 규모는 250억원으로, 골관절염처럼 바이오의약품 개발에 성공해 시장이 20배 성장한다면 5000억 규모가 될 것이란 설명이다. 유 대표는 ""우선은 고양이 시장에 집중하지만 강아지...",2026-02-11 12:02:00+09:00,http://www.newsmp.com/news/articleView.html?idxno=251595,http://www.newsmp.com/news/articleView.html?idxno=251595
강아지아토피,"[제약바이오 브리핑] 삼진제약, 면역·염증 신약 후보 임상 1상 IND 신청...","SJN314는 만성자발성두드러기를 비롯, 아토피 피부염 등 다양한 염증성 질환을 주요 적응증으로 하는 경구용... 또한 1cm 미만 크기의 부드러운 펠릿 제형으로 개발해 어린 강아지부터 노령견까지 부담없이 섭취가...",2026-02-04 17:56:00+09:00,https://n.news.naver.com/mnews/article/117/0004032576?sid=102,https://www.mydaily.co.kr/page/view/2026020417314841475
강아지아토피,"[제약소식] 보령컨슈머헬스케어, 반려견 영양제 브랜드 '댕댕포스' 출시...",어린 강아지부터 노령견까지 부담 없이 섭취할 수 있도록 했다. 기능성 원료와 함량을 투명하게 공개해... SJN314는 만성자발성두드러기와 아토피 피부염 등 다양한 염증성 질환을 적응증으로 하는 경구용 저분자 MRGPRX2...,2026-02-04 11:20:00+09:00,http://www.mkhealth.co.kr/news/articleView.html?idxno=77471,http://www.mkhealth.co.kr/news/articleView.html?idxno=77471
강아지아토피,[제약업계 소식] 2월 4일,"또한 1cm 미만 크기의 부드러운 펠릿 제형으로 개발해 어린 강아지부터 노령견까지 부담없이 섭취가... 'SJN314'는 만성자발성두드러기(Chronic Spontaneous Urticaria)를 비롯, 아토피 피부염(Atopic Dermatitis) 등 다양한 염증성...",2026-02-04 09:44:00+09:00,http://www.doctorstimes.com/news/articleView.html?idxno=236668,http://www.doctorstimes.com/news/articleView.html?idxno=236668
강아지아토피,"한국수의임상피부학회, 인증 전문의 내실화·국제 교류 확대한다","'개(강아지)와 고양이의 아토피 및 감염성 피부질환'을 주제로 대전시수의사회 연합 학술대회 개최, 제7회 아시아수의임상피부학회(ASVCD) 컨퍼런스 등도 진행했다. 특히 아시아 수의임상피부학회가 인증한 전문의...",2026-01-31 21:40:00+09:00,https://n.news.naver.com/mnews/article/421/0008746165?sid=102,https://www.news1.kr/local/gyeonggi/6057719
강아지아토피,“내가 먹는 약 우리 강아지도”⋯ 人獣공통 시장 노리는 K-제약,제약사별로는 대웅제약이 최근 농림축산검역본부에 반려견용 아토피 피부염 치료제 ‘플로디시티닙(JAK... JAK 억제제는 아토피의 원인이 되는 염증 신호 전달을 차단해 가려움과 피부 염증을 완화한다....,2026-01-26 06:38:00+09:00,https://www.viva100.com/article/20260125500342,https://www.viva100.com/article/20260125500342
강아지아토피,"[비건 Q&A]⑧임신·아이·반려동물까지, 비건 가족 실천 100문답","비건 아기 피부 관리(아토피와 채식)? A. 아토피는 식단만으로 설명되기 어렵고, 피부 장벽 관리와 환경... 강아지에게 비건 사료를 먹여도 괜찮나요? A. 강아지는 잡식에 가까워 이론상 식물성 기반 식단이 가능하다는...",2026-01-24 12:54:00+09:00,https://www.vegannews.co.kr/news/article.html?no=381326,https://www.vegannews.co.kr/news/article.html?no=381326
강아지아토피,"겨울철 반려동물 피부 건강, 꼭 관리해야 하는 이유! [김운선 수의사 반...","강아지와 고양이 모두 이 시기에 피부 건조, 각질, 비듬이 눈에 띄게 늘어난다. 보호자 입장에서는 “요즘... 겨울철에 흔히 악화되는 피부 질환으로는 아토피 피부염, 지루성 피부염, 말라세지아 피부염, 세균성 피부염이...",2026-01-19 10:26:00+09:00,https://www.hinews.co.kr/view.php?ud=2026011910241693306aa9cc43d0_48,https://www.hinews.co.kr/view.php?ud=2026011910241693306aa9cc43d0_48
강아지아토피,바닥 장판 검색량 730% 급증…PVC 바닥재 시장 재편,"환경표지 인증, 대한아토피협회 추천 마크 획득 등 건강 친화적인 요소까지 더해 프리미엄 가치를 높였다.... 고내구성 투명층은 강아지나 고양이의 발톱에 의한 손상을 최소화하며, 미끄럼 방지 기능을 통해...",2026-01-12 14:50:00+09:00,http://www.womentimes.co.kr/news/articleView.html?idxno=93898,http://www.womentimes.co.kr/news/articleView.html?idxno=93898
강아지아토피,줄기세포가 동물에게 '새로운 삶' 선물,"가려움 없는 평화, ‘피부 및 면역 질환’ “밤새 긁느라 잠을 못 자요” 아토피나 알러지성 피부염을 앓는... 보호자는 “이제 강아지 산책은 포기했다”며 눈시울을 붉혔다. 우리는 A에게 맞춤형 줄기세포치료를...",2026-01-12 08:24:00+09:00,https://www.dailymedi.com/news/news_view.php?wr_id=932865,https://www.dailymedi.com/news/news_view.php?wr_id=932865
강아지아토피,예술을 향해 끊임없이 새로운 시도를 펼치는 사람들 - 알렉스 김·김현...,김혜빈 : 개인적으로 아토피 피부병을 앓아왔다. 피부가 벗겨지고 새살이 돋는 과정을 거치면서 자연스럽게... 지금은 유기견 강아지들의 존재를 알리는 작업을 하는 중이다. 유기견을 임시 보호 중이라 그런지 그렇게...,2026-01-09 10:00:00+09:00,https://www.handmk.com/news/articleView.html?idxno=35212,https://www.handmk.com/news/articleView.html?idxno=35212
강아지아토피,"[현장스케치] 새해를 여는 아름다운 작품, 갤러리컬러비트 단체전 《나...","평소 아토피를 앓으며 피부의 변화를 관찰했다는 작가는 벗겨진 각질과 비슷한 느낌을 주는 한지를... 제목에서도 느껴지지만, 한 송이의 꽃이 된 강아지들의 얼굴은 애정을 갈망하는 듯한 시선이 강렬하다. 누군가를 향한...",2026-01-08 09:06:00+09:00,https://www.handmk.com/news/articleView.html?idxno=35179,https://www.handmk.com/news/articleView.html?idxno=35179
강아지아토피,유튜버 유지니가 짚은 웰니스 인테리어…KCC글라스 '포레스톤',"강아지가 바닥에서 미끄러지지 않고 자연스럽게 움직이는 모습을 확인한 유지니는 ""보호자 입장에서 가장... 여기에 미국 농무부(USDA) 인증 원료가 함유된 표면 코팅을 적용하고, 아토피 인증과 환경표지 인증을 확보한...",2025-12-31 10:38:00+09:00,http://www.womentimes.co.kr/news/articleView.html?idxno=93614,http://www.womentimes.co.kr/news/articleView.html?idxno=93614
강아지아토피,"“강아지 만성장병증, 스테로이드 사용 줄이고 식이 관리에 집중해야”","IBD로 널리 알려진 강아지 만성장병증(CIE, Chronic Inflammatory Enteropathy)은 3주 이상 지속·반복되는 비감염성... 불내증), 아토피 피부염 등에 추천된다.한편, 이번 웨비나는 12월 22일(월) 23시 59분까지 인벳츠를 통해...",2025-12-21 14:52:00+09:00,https://www.dailyvet.co.kr/news/academy/267618,https://www.dailyvet.co.kr/news/academy/267618
강아지아토피,[전문진료 동물병원 인터뷰 49] 서울 알레르기 동물병원,"수의사가 된 계기는 무엇인가요?어릴 때부터 강아지를 엄청 좋아했습니다. 6~7살 때 키웠던 검둥이가... 마지막으로 하고 싶은 말이 있다면?알레르기, 아토피는 단기간의 약물 치료만으로 해결되는 질환이 아닙니다. 정확한...",2025-12-10 10:52:00+09:00,https://www.dailyvet.co.kr/news/interview/266367,https://www.dailyvet.co.kr/news/interview/266367
강아지아토피,"""발을 계속 핥는다면 주목!""... 반려견이 보내는 위험 신호 7가지","강아지의 발 핥기 행동 중 가장 흔한 원인은 알레르기입니다. 음식 알레르기의 경우 특정 사료나 간식에 포함된 곡물, 특정 단백질 성분에 반응하여 가려움증이 발생할 수 있습니다. 환경 알레르기인 아토피도 주요 원인 중...",2025-12-08 14:04:00+09:00,https://www.insight.co.kr/news/532519,https://www.insight.co.kr/news/532519
강아지아토피,"제7회 ASVCD, 방콕서 개막…반려동물 피부 치료에 관심 고조","오는 9일에는 △개(강아지)와 고양이 아토피 피부염(박희명 건국대학교 교수) △개와 고양이에게 더 안전하고 스마트한 피부과 처방(니파트라 수안피린, Nipattra Suanpirin) △개의 피부 석회증 치료법(강민희...",2025-12-08 13:30:00+09:00,https://n.news.naver.com/mnews/article/421/0008648761?sid=101,https://www.news1.kr/industry/general-industry/6001379
강아지아토피,[반려동물 건강이야기] 피부·관절·심장 문제로 겨울이 두려운 반려동...,"특히 아토피 기왕력이 있는 반려동물은 겨울이 되면 가려움이 심해져 피부가 더 거칠어지는 경향이 있다. 또... 특히 노령견, 슬개골탈구가 있는 소형견, 고관절이형성증·척추질환(IVDD)이 있는 강아지는 추위가 통증을...",2025-12-07 10:30:00+09:00,http://www.k-health.com/news/articleView.html?idxno=87753,http://www.k-health.com/news/articleView.html?idxno=87753
강아지아토피,"[제약소식]유한양행, 소량 체험 가능한 '샘플딜 기획전' 진행 外 동아제...","반려동물 사료는 총 5종으로 구성되어 있으며, 강아지용 저알러지 사료와 고양이용 다이어트 사료 등 기능성... 태선 ▲아토피피부 등 다양한 건조성 피부질환 완화에 도움을 준다. 우레아는 천연보습인자의 구성 성분으로...",2025-12-05 15:00:00+09:00,https://www.getnews.co.kr/news/articleView.html?idxno=852302,https://www.getnews.co.kr/news/articleView.html?idxno=852302
강아지아토피,"[제약소식] GC녹십자, '3억불 수출의 탑' 수상 등",반려동물용 사료는 강아지용 저알러지(하이포알러제닉) 사료와 고양이용 다이어트 사료 등 기능성... 태선 ▲아토피피부 등 다양한 건조성 피부질환 완화에 도움을 준다. 우레아는 천연보습인자의 구성 성분으로 피부...,2025-12-05 10:34:00+09:00,http://www.mkhealth.co.kr/news/articleView.html?idxno=76609,http://www.mkhealth.co.kr/news/articleView.html?idxno=76609
강아지아토피,[제약업계 소식] 12월 5일,반려동물을 위한 사료는 강아지를 위한 저알러지 사료와 고양이를 위한 다이어트 사료 2종 등 기능성... 태선 △아토피피부 등 다양한 건조성 피부질환 완화에 도움을 준다. 우레아는 천연보습인자의 구성 성분으로...,2025-12-05 09:34:00+09:00,http://www.doctorstimes.com/news/articleView.html?idxno=235704,http://www.doctorstimes.com/news/articleView.html?idxno=235704
강아지아토피,"저자극 프로바이오틱스 스킨케어 브랜드 '유니포스', 반려동물 피부 케...","제품 외부 디자인부터 고양이·강아지·토끼 IP 기반의 감각적 패키지로 브랜드 인지도를 강화했다. 또 인공... 유니포스는 전 제품에 대해 품질 인증과 제조 관리 시스템 인증을 갖추고 있으며,  아토피성 피부염 개선 및...",2025-12-04 18:06:00+09:00,http://www.jeonmin.co.kr/news/articleView.html?idxno=429817,http://www.jeonmin.co.kr/news/articleView.html?idxno=429817
강아지아토피,‘강아지·고양이 약’으로 눈 돌리는 제약사들… 당뇨약부터 건기식까...,현재 국내에서는 유유제약 외에도 여러 제약사들이 당뇨병·아토피피부염 등 지속적인 관리가 필요한 만성... HK이노엔은 아토피피부염 치료 신약으로 반려동물 의약품 시장에 도전 중이다. 지난 5월...,2025-11-27 19:08:00+09:00,https://n.news.naver.com/mnews/article/346/0000101002?sid=103,https://health.chosun.com/site/data/html_dir/2025/11/26/2025112601216.html
강아지아토피,비만·알러지 있다면 ‘처방 식단’으로 관리를 [Weekend 반려동물],"가스트로인테스티널, 로우팻, 아토피, 저알러지 등 다양한 증상을 커버하며 강아지 10종, 고양이 6종이 순차 출시된다. ANF 관계자는 ""반려동물 식단은 이제 단순한 영양 공급을 넘어 개별 증상과 생활환경에 맞춘...",2025-11-27 18:34:00+09:00,https://n.news.naver.com/mnews/article/014/0005441123?sid=103,http://www.fnnews.com/news/202511271833278333
강아지아토피,[이만훈의 세상만사] ㉗ 대변의 부활,"동화책, 그림책 이름도 그래서 《누가 내 머리에 똥 쌌어?》(베르터 홀츠바르크),《강아지똥》(권정생) 등... 마이크로바이옴은 단순히 정상대변을 만들고 대장을 지키는 기능만 하는 것이 아니라 아토피, 천식 등의...",2025-11-26 08:14:00+09:00,http://www.econotelling.com/news/articleView.html?idxno=18508,http://www.econotelling.com/news/articleView.html?idxno=18508
강아지아토피,요가하고 강아지와 놀고… 웰니스 바닥재 ‘포레스톤’ 브랜드데이 화제,기후에너지환경부의 환경표지 인증과 대한아토피협회 추천제품 마크 등 친환경 인증도 획득했다. 사진제공 KCC글라스 홈씨시 #kcc바닥재 #포레스톤 #친환경바닥재 #여성동아,2025-11-25 16:18:00+09:00,https://woman.donga.com/3/all/12/5980063/1,https://woman.donga.com/3/all/12/5980063/1
강아지아토피,"""우리 강아지 아토피약 좀…"" 제약업계, 앞다퉈 반려동물 신약 개발","사람 말로 아프면 '아프다'고 말할 수 있으면 참 좋을 텐데."" (반려견 두부를 키우는 A씨, 20대) ""우리 강아지 아토피에 기존 약은 안 들어서 병원에서 추천해 준 신약을 발라보고 있어요. 이 약은 효과가 있어서 안...",2025-11-14 17:46:00+09:00,https://www.insightkorea.co.kr/news/articleView.html?idxno=235501,https://www.insightkorea.co.kr/news/articleView.html?idxno=235501
강아지아토피,[반려동물 건강이야기] 반려동물 괴롭히는 지긋지긋 귓병...외이염 A to ...,"강아지는 대부분이 평생 한 번 이상 경험하며 고양이 역시 귀진드기나 알레르기 등으로 자주 발생한다.... ●주원인(Primary Causes) - 염증의 불씨 외이염의 가장 흔한 원인은 알레르기(아토피, 음식알레르기)다. 피부가...",2025-11-14 09:06:00+09:00,http://www.k-health.com/news/articleView.html?idxno=86948,http://www.k-health.com/news/articleView.html?idxno=86948
강아지아토피,[김지수의 인터스텔라] “나를 양육하는 것 포기하지 말아라” 열혈사제...,"불편한 감정 참으면 똥 마려운 강아지처럼 찝찝하고 애처로워요.” 가톨릭 문화는 여전히 우울 모드, 장례... “삶의 오염에 너무 결벽을 느끼면 심리적 아토피에 걸립니다. 도시 사람들은 너무 깔끔 떨다가 아토피에...",2025-11-08 06:01:00+09:00,https://n.news.naver.com/mnews/article/366/0001121208?sid=103,https://biz.chosun.com/topics/kjs_interstellar/2025/11/08/Z7F3N2AXVFFJVL7MC4HX6DCPEA/?utm_source=naver&utm_medium=original&utm_campaign=biz
강아지아토피,[반려동물 건강이야기] 강아지 탈모 탈출의 열쇠는 정확한 원인 찾기,"강아지의 탈모는 그 자체가 '질병'이라기보다 몸 어딘가에 이상이 생겼다는 증상이다. 따라서 탈모에 좋은... 원인은 주로 세균, 곰팡이, 진드기(데모덱스, 옴진드기) 감염 혹은 알레르기(아토피, 식이알레르기)다....",2025-10-24 09:32:00+09:00,http://www.k-health.com/news/articleView.html?idxno=86227,http://www.k-health.com/news/articleView.html?idxno=86227
강아지아토피,[반려동물 건강이야기] 일조량 줄어드니 활동성도 준다...반려동물도 가...,이는 사람은 물론 강아지에게도 활동력저하와 수면패턴변화에 영향을 준다. 고양이 역시 햇빛부족으로... 건조한 공기는 피부장벽을 약화시키며 특히 아토피피부염이나 만성피부질환이 있는 반려동물은 증상이 악화할 수...,2025-10-12 10:10:00+09:00,http://www.k-health.com/news/articleView.html?idxno=85760,http://www.k-health.com/news/articleView.html?idxno=85760
강아지아토피,[반려동물 건강이야기] 개똥도 약이 된다? 난치성질환 다스리는 분변이...,"강아지와 고양이의 장내미생물에 대한 이해가 높아지면서 분변이식을 포함한 마이크로바이옴치료 연구가... 이 외에도 아토피피부염, 급성설사, 파보바이러스감염 등에서 의미있는 개선 사례가 보고되고 있다. 분변이식의...",2025-09-29 10:50:00+09:00,http://www.k-health.com/news/articleView.html?idxno=85525,http://www.k-health.com/news/articleView.html?idxno=85525
강아지아토피,"""반려동물 눈높이 맞춤 진료""…무릎 닳도록 피부만 보는 수의사",이 때문에 유치원에서 다른 강아지들에게 외면당하기도 했다. 약욕과 약물치료에도 효과가 없자 보호자는... 실제로 라퓨클레르에는 아토피·알레르기 환자가 다수를 차지한다. 최근에는 탈모·피부재생 치료 환자까지...,2025-09-19 08:00:00+09:00,https://n.news.naver.com/mnews/article/421/0008496080?sid=105,https://www.news1.kr/bio/general/5917493
강아지아토피,"[인터뷰] 펫라이즈 김도형 대표 ""천연 펫 헬스케어로 글로벌시장 도전""","그는 화학 성분이 들어간 세정제의 위험을 체감한 뒤, 강아지 발 세정제를 국내 최초로 순비누 성분으로 개발했습니다. 김 대표는 ""반려견의 피부는 사람보다 세 배 얇아 알러지와 아토피 질환이 흔하다""며 ""천연 세정제와...",2025-09-08 19:04:00+09:00,https://news.ifm.kr/news/articleView.html?idxno=451737,https://news.ifm.kr/news/articleView.html?idxno=451737
강아지아토피,"[전북일보 신춘문예 작가들이 추천하는 이 책] 장은영 작가, '사춘기, 우...","여자친구 윤지가 아끼는 강아지를 질투할 정도로 사랑에 빠진 종범이, 아토피로 고통받는 덕준이, 필리핀 사람인 엄마를 무시하는 말을 참지 못하는 재현이 역시 어쩔 수 없이 일렁이는 감정, 상황 속에서 무기력하다....",2025-08-27 18:52:00+09:00,https://www.jjan.kr/article/20250827580135,https://www.jjan.kr/article/20250827580135
강아지아토피,"우리와, 국경없는 수의사회와 협력 강화…글로벌 연대 다짐","브이오엠 알엑스는 강아지·고양이의 복합질환 관리가 가능한 동물병원 전용 처방식이다. 특히 △브이오엠... 신제품 '독 안티프루라이틱 캄'은 반려견 아토피의 주요 증상인 가려움증 완화와 식이성 민감도, 심신 안정을...",2025-08-24 12:56:00+09:00,https://n.news.naver.com/mnews/article/421/0008444637?sid=101,https://www.news1.kr/industry/general-industry/5888608
강아지아토피,[반려동물 건강톡톡] 우리 강아지가 너무 가려워해요,"특정 음식, 집먼지 진드기, 꽃가루, 세균, 곰팡이 등 다양한 항원에 대한 면역 반응으로 아토피 피부염이나 식이 알레르기가 발생하고, 2차적으로 피부에 염증이 생기며 가려움이 증가한다. 하지만 이러한 알레르기...",2025-08-08 13:52:00+09:00,https://n.news.naver.com/mnews/article/088/0000963541?sid=103,https://www.imaeil.com/page/view/2025080813475749010
강아지아토피,'펫에게 벳(Vet)을'…제약 3사 반려동물 처방전,"이외에도 아토피성 피부염, 유전질환, 줄기세포 유래 엑소좀 기반 치료제 등 고난도 의약품 개발에도 착수한... 초기 제품군은 관절·눈·스트레스 케어(강아지용), 헤어볼·요로·스트레스 케어(고양이용) 등 총 6종으로...",2025-08-07 15:22:00+09:00,https://www.the-pr.co.kr/news/articleView.html?idxno=53911,https://www.the-pr.co.kr/news/articleView.html?idxno=53911
강아지아토피,"'반려동물 옷' 차별화'...펫웨어 시장, 中企 전쟁 뜨겁다","고양이, 강아지 모두 쉽게 착용할 수 있는 캐주얼 의상부터 파티·코스튬 의상까지 다양한 라인업을... 오키도키는 국내 최초로 한지사(한지 섬유)를 의류 소재로 사용, 반려견 아토피와 피부질환 개선에 도움을 주는...",2025-07-18 07:00:00+09:00,http://www.hansbiz.co.kr/news/articleView.html?idxno=762252,http://www.hansbiz.co.kr/news/articleView.html?idxno=762252
강아지아토피,"대전시수의사회-한국수의임상피부학회, 8월 10일 학술세미나 개최","이들은 개(강아지)와 고양이의 아토피성 피부염 치료 및 관리법, 감염성 피부 질환 치료, 귀 질환 진단 방법 등을 주제로 강의를 펼칠 예정이다. 강종일 회장과 양철호 타임즈동물의료센터 원장, 윤국진 SKY동물메디컬센터...",2025-07-17 13:50:00+09:00,https://n.news.naver.com/mnews/article/421/0008376258?sid=102,https://www.news1.kr/local/daejeon-chungnam/5849620
강아지아토피,[반려동물 건강이야기] 단순 약 처방 이제 그만...아토피성피부염 치료...,김방실 수원동물병원 방실웃는 원장 반려동물의 아토피피부염은 단순한 피부질환이 아니다. 유전적 요인과... 이렇게 체계적인 맞춤형 치료를 통해 강아지·고양이의 삶의 질을 높이고 보호자의 치료부담도 줄일 수 있다.,2025-07-13 09:06:00+09:00,http://www.k-health.com/news/articleView.html?idxno=82915,http://www.k-health.com/news/articleView.html?idxno=82915
강아지아토피,[반려동물 건강이야기] 반려동물 항노화치료 ③통증 없는 삶 되찾아주는...,"위에 말했던 강아지 환자는 아토피, 심장병, 췌장염으로 오랜시간 치료를 받아왔다. 보호자는 이미 병간호로 지쳐있었고 그런 상황에서 강아지는 목디스크 통증이 심하게 겹치며 밥도 못 먹고 움직일 때마다 비명을 질렀다....",2025-07-07 17:00:00+09:00,http://www.k-health.com/news/articleView.html?idxno=82762,http://www.k-health.com/news/articleView.html?idxno=82762
강아지아토피,"[너는 솔로, 나는 반려] “내 손으로 직접 만들어요”...화기애애했던 ...","아토피와 같이 피부가 예민한 강아지들은 이런 성분이 들어가 있는 제품을 썼을 때 발적, 냄새가 나기도 한다. 피부를 자주 긁는 등 알러지 반응이 많이 일어난다”면서 “그런 성분을 최대한 제외하고 자연에서 유래된...",2025-06-22 17:36:00+09:00,http://www.segyebiz.com/newsView/20250622508606?OutUrl=naver,http://www.segyebiz.com/newsView/20250622508606?OutUrl=naver
강아지아토피,"고려동물메디컬센터, 7월 13일 심장병·난치성장질환 세미나 연다","인터벤션·MIS센터장이 강아지 심장병의 하나인 이첨판폐쇄부전증(MMVD) 치료방법, 관리 등 관련 지식을 나눈다. 2교시는 11마리 반려동물 보호자이기도 한 박소영 난치성장질환센터장이 식이 알레르기와 아토피, 췌장염...",2025-06-20 18:27:00+09:00,https://n.news.naver.com/mnews/article/421/0008324241?sid=101,https://www.news1.kr/industry/general-industry/5820410
강아지아토피,"강아지 처방식 사료전문 브랜드 제로코어, 신제품 2종 동시 출시","경우 강아지가 끊임없이 긁거나 귀를 자주 흔드는 모습을 볼 수 있는데, 사료를 바꿔도 계속되는 피부 트러블이나 이유 없이 반복되는 설사 및 구토 역시 단순한 예민함이 아닌, 식이 알레르기 또는 아토피 피부염의 초기...",2025-06-20 09:36:00+09:00,https://www.thepublic.kr/news/articleView.html?idxno=267342,https://www.thepublic.kr/news/articleView.html?idxno=267342
강아지아토피,"하루 종일 발 빠는 우리 집 강아지, 지간염이라고요?","오늘 사연자분의 반려견처럼 발을 빠는 습관이 있는 강아지에게 지간염은 꽤 흔하게 발생합니다. 가볍게... 피부 장벽이 약해지는 질환: 갑상선기능저하증, 쿠싱증후군, 아토피성 피부염, 알레르기 질환 등은 피부의...",2025-06-18 08:00:00+09:00,https://n.news.naver.com/mnews/article/469/0000871014?sid=103,https://www.hankookilbo.com/News/Read/A2025061710180000304?did=NA
강아지아토피,머크 반려견 신약 'Numelvi' 유럽 승인 초읽기 주가 상승 기대,"Numelvi는 반려견의 알레르기성 피부염 및 아토피 피부염 관련 가려움증 치료를 위한 1일 1회 복용하는... 특히, 생후 6개월 된 어린 강아지에게도 사용 가능한 유일한 JAK 억제제라는 점이 주목할 만하다. 머크...",2025-06-13 16:50:00+09:00,https://www.pharmnews.com/news/articleView.html?idxno=261082,https://www.pharmnews.com/news/articleView.html?idxno=261082
강아지아토피,[멍멍냥냥] 박선영 “국내 최고 의사 치료까지 받았다”… 반려인과 상...,박선영은 2회 방송에 ‘대형견 반’ 선생님으로 출연해 겁쟁이 강아지 ‘로또’의 마음을 조금씩 열어갔다.... 이에 오선영 원장은 “기존에 아토피 병력이 있거나 면역 과민성이 있는 분들은 주의가 필요하다”고...,2025-06-10 18:05:00+09:00,https://n.news.naver.com/mnews/article/346/0000093091?sid=004,https://health.chosun.com/site/data/html_dir/2025/06/10/2025061002095.html
강아지아토피,"""1회 적용만으로 동물 피부 개선""…엑소좀 아이스니들링 증례 주목","한 사례는 교통사고로 인해 광범위한 피부 열상과 연부 조직 손상이 발생한 7세 푸들 강아지다. 환견은... 이어 ""엑소좀 아이스 니들링은 향후 면역매개 피부질환, 아토피성 피부염, 치료 저항성 피부 문제 등 다양한 임상...",2025-06-10 11:51:00+09:00,https://n.news.naver.com/mnews/article/421/0008303730?sid=105,https://www.news1.kr/bio/general/5808417
강아지아토피,"""시장 더 커진다""…제약업계, 반려동물 의약품 '눈독'",9일 업계에 따르면 HK이노엔은 최근 농림축산검역본부로부터 반려동물 아토피피부염 치료제 'IN-115314' 임상... 특허청에 강아지용 '멍판씨'와 고양이용 '냥판씨'에 대한 상표 등록을 마쳤다. 또한 서울대학교 수의과대학...,2025-06-09 14:42:00+09:00,https://www.pinpointnews.co.kr/news/articleView.html?idxno=350149,https://www.pinpointnews.co.kr/news/articleView.html?idxno=350149
강아지아토피,"강아지와 함께 자란 아기, 아토피 덜 걸린다?","아기가 어릴 때 강아지와 함께 지내면 아토피 피부염 위험이 낮아질 수 있다는 연구 결과가 나왔다. 영국, 독일, 네덜란드 등 유럽 각국의 과학자들로 구성된 국제 공동 연구진은 아토피 피부염의 유전적 요인이 환경에...",2025-06-07 16:07:00+09:00,https://n.news.naver.com/mnews/article/296/0000090177?sid=103,https://kormedi.com/?p=2724105
강아지아토피,"쭈글쭈글 거친 강아지 피부, 두 달 만에 보들보들해진 비결은","이 균은 강아지의 정상 피부에도 존재하지만 특정 조건에서 과도하게 자라면 염증과 가려움증 등의 문제를... 다만 아토피성 알레르기는 지속적인 관리가 필요한 만큼, 앞으로도 정기적인 치료를 이어가기로 했다. 한대건...",2025-06-06 10:00:00+09:00,https://n.news.naver.com/mnews/article/421/0008298669?sid=105,https://www.news1.kr/bio/general/5805371
강아지아토피,"""강아지·고양이 건강도 챙긴다""...반려동물 시장 진출하는 제약사들",제약사들이 강아지와 고양이를 새로운 고객으로 점찍었다. 동물의약품 개발부터 반려동물을 위한 영양제와 건강식품 출시에 속도를 내고 있다. 9일 제약업계에 따르면 HK이노엔은 지난달 말 반려동물 아토피 피부염...,2025-06-05 15:56:00+09:00,https://daily.hankooki.com/news/articleView.html?idxno=1225813,https://daily.hankooki.com/news/articleView.html?idxno=1225813
강아지아토피,[반려동물 건강이야기] 발사탕에 빠진 우리 강아지...알레르기·감염 등...,"김방실 수원동물병원 방실웃는 원장&부설 건강검진 센터장 ""우리 강아지가 자꾸 발을 핥아요."" 보호자들... 네 번째 식이알레르기와 아토피다. 알레르기는 그 자체만으로도 가려움증이 심하다. 또 이차적으로 세균이나...",2025-06-01 09:02:00+09:00,http://www.k-health.com/news/articleView.html?idxno=81633,http://www.k-health.com/news/articleView.html?idxno=81633
강아지아토피,"리윤바이오, 중기부 '산학연 Collabo R&D' 사업 선정...자사 특허소재 반...",리윤바이오는 지난 2023년 대전대학교 한의과대학(박종민 교수)과 컨소시엄을 구성하여 동물 아토피... 2021 한국반려동물보고서에 따르면 반려동물(강아지 대상) 병원 내원시 치료비 1위는 '피부질환 치료(45.9%)로 많은...,2025-05-30 10:22:00+09:00,http://www.thebigdata.co.kr/view.php?ud=2025053009521696999aeda69934_23,http://www.thebigdata.co.kr/view.php?ud=2025053009521696999aeda69934_23
강아지아토피,매년 커지는 반려동물 시장…“제약기업 진출 러시”,"28일 HK이노엔은 JAK-1 억제 기전을 활용한 반려견 아토피피부염 치료 신약 ‘IN-115314’로... 수의사와 반려동물 전문가가 직접 개발에 참여해 강아지와 고양이의 스트레스 케어에 특화된 ‘카밍츄’, ‘카밍스틱’ 등을...",2025-05-29 05:20:00+09:00,https://www.dnews.co.kr/uhtml/view.jsp?idxno=202505281356599660981,https://www.dnews.co.kr/uhtml/view.jsp?idxno=202505281356599660981
강아지아토피,“댕댕이 아토피 치료약 개발되나”… 최종 관문만 남았다,게티이미지뱅크 강아지를 위한 새로운 아토피피부염 치료제가 개발까지 최종 관문만을 남겼다. HK이노엔의 신약 후보물질 ‘IN-115314’다. 이노엔은 최근 농림축산검역본부로부터 해당 후보물질의 3상...,2025-05-28 15:53:00+09:00,https://n.news.naver.com/mnews/article/396/0000710564?sid=103,https://www.sportsworldi.com/newsView/20250528513355
강아지아토피,"박희명 건국대 교수, 중국서 반려동물 피부염 치료법 강연 '호응'",21일 한국수의임상피부학회에 따르면 박희명 교수는 지난달 23일부터 25일까지 중국 산둥성에서 열린 '제20회 BJSAVA 연례학술대회'에 초청 강사로 참가해 개(강아지)와 고양이의 아토피 피부염의 진단 및 최신 치료법에...,2025-05-21 12:05:00+09:00,https://n.news.naver.com/mnews/article/421/0008264323?sid=102,https://www.news1.kr/society/general-society/5789757
강아지아토피,[반려동물 건강이야기] 반려동물 사료 표시기준 신설...이제 제대로 알...,"'완전사료'는 강아지와 고양이의 성장단계에 맞춘 영양소요구량을 충족하는 주식용 사료다. 예를 들어... 반려동물이 아토피성피부염, 비만, 신장·췌장질환 등으로 특별한 관리가 필요하다면 일반사료로는 부족할 수 있다....",2025-05-21 10:46:00+09:00,http://www.k-health.com/news/articleView.html?idxno=81288,http://www.k-health.com/news/articleView.html?idxno=81288
강아지아토피,"반려동물 난치성 질환에 다양한 세포치료, 어떠한 특징과 차이 있나 [주...","강아지나 고양이 등 반려동물의 암, 신장병, 관절염 등 난치성 질환이 증가하면서, 약물이나 수술 중심의... 적용 질환은 아토피, 피부질환, 기관지염, 관절염 등 다양한 질환에 광범위하게 적용되고 있다. 엑소좀의 경우...",2025-05-16 11:46:00+09:00,https://www.mediafine.co.kr/news/articleView.html?idxno=67517,https://www.mediafine.co.kr/news/articleView.html?idxno=67517
강아지아토피,[도전! 스타트UP] 아빠 마음으로 유아용 화장품 '소중한 습관' 내놓은 시...,"목욕·삼푸용 워시바는 아토피가 있는 아이들에게 적절하다."" 주성균 대표. 주 대표는 유기농 원료로 만든... 거북이, 강아지, 고양이 등이 세균과 싸워 이기는 콘셉트다. 우선 인스타툰 형태로 접근할 것""이라고 말했다....",2025-04-20 11:12:00+09:00,http://www.metroseoul.co.kr/article/20250420500130,http://www.metroseoul.co.kr/article/20250420500130
강아지아토피,"반려견 알러지성 가려움증, 점진적 표적화와 국소제제 병용 고려해야",모든 강아지에게 효과적이지는 않고 장기 사용가능 여부도 다르다는 것이다.드보어 교수는 “관련 연구에... 드보어 교수는 재발성 외이도염에 ▲내성균 ▲만성적인 협착이나 병변 ▲아토피성 피부염 등 기저원인 ▲중이염...,2025-04-19 13:52:00+09:00,https://www.dailyvet.co.kr/news/companion-animal/243455,https://www.dailyvet.co.kr/news/companion-animal/243455
강아지아토피,"""반려동물 항산화 영양소, 성분 따라 질환에 미치는 영향 달라""","항산화 영양소에 관한 각종 연구에 따르면 비타민 E의 경우 강아지의 종양, 관절염, 아토피, 신장 결선 등 질환 개선에 도움이 된다. 비타민 C는 베타카로틴과 같이 급여시 고양이의 신장 산화 손상을 줄여준다....",2025-03-23 16:12:00+09:00,https://n.news.naver.com/mnews/article/421/0008146865?sid=101,https://www.news1.kr/industry/general-industry/5728171
강아지아토피,"[반려동물 건강이야기] 자꾸 긁어대는 반려동물, 탈모까지 일으키는 아...",보통 환경 알레르기로 인해 발현하는 피부질환을 '아토피피부염'라 부른다. 강아지ˑ고양이는 피부장벽이 약해 알레르기성 피부질환에 특히 취약한 편이다. 아토피가 생기면 극심한 소양감으로 인해 계속해서 몸을 긁고...,2025-03-22 10:24:00+09:00,http://www.k-health.com/news/articleView.html?idxno=79400,http://www.k-health.com/news/articleView.html?idxno=79400
강아지아토피,[반려동물 건강이야기] '삶의 질 뚝' 강아지 아토피피부염…원인파악과...,"오늘은 강아지 아토피피부염 치료에 대해서 알아보려고 한다. 강아지 아토피피부염의 발명 메커니즘은 완전히 밝혀지지는 않았다. 유전적 요인, 면역반응의 불균형, 환경적 영향 등 다양한 원인에 의한 상호 작용으로...",2025-03-17 13:16:00+09:00,http://www.k-health.com/news/articleView.html?idxno=79247,http://www.k-health.com/news/articleView.html?idxno=79247
강아지아토피,장판 긁고 물어뜯어도 흠집 NO… 우리집 강아지 더 행복해지겠네,"숲 도담은 업계 최초 대한아토피협회 추천 제품 마크를 비롯해 환경부 공인 환경마크(환경표지인증), 한국공기청정협회 HB마크(친환경건축자재마크) 최우수등급 등 각종 친환경 인증을 확보해 제품의 안전성을...",2025-03-14 03:05:00+09:00,https://n.news.naver.com/mnews/article/020/0003621165?sid=103,https://www.donga.com/news/Culture/article/all/20250313/131196371/2
강아지아토피,"꽃가루 날리면 심해지는 알레르기 비염, 방치하면 합병증 우려","알레르기 비염은 꽃가루, 집먼지진드기, 고양이나 강아지 같은 반려동물 털 등 특정 항원에 대해 몸의... 부모 중 한 명이 천식이나 아토피 등의 알레르기 질환을 앓고 있다면, 자녀의 발병 가능성이 높아진다. 보통 10대...",2025-03-11 10:16:00+09:00,https://www.joongboo.com/news/articleView.html?idxno=363686675,https://www.joongboo.com/news/articleView.html?idxno=363686675
강아지아토피,[반려동물 건강이야기] 알레르기 늪에 빠진 우리집 강아지...어떻게 관리...,강아지 피부병은 아토피 등 알레르질환이 큰 비중을 차지하고 있는데 이는 완치가 아니라 관리하는 질환이다. 예전에는 담배를 피워서 폐암이 걸리고 당을 많이 섭취해서 당뇨에 걸린다고 단순하게 생각했다. 최근에는...,2025-03-07 09:08:00+09:00,http://www.k-health.com/news/articleView.html?idxno=78906,http://www.k-health.com/news/articleView.html?idxno=78906
강아지아토피,[반려동물 건강이야기] 반려동물 아토피 치료 A to Z,▲아포퀼=강아지 아토피 치료의 신속한 해결책 아포퀼(Apoquel)은 강아지의 아토피 피부염 치료에 널리 사용되는 약물이다. 주성분은 오클라시티닙(oclacitinib)이다. Janus kinase(JAK) 억제제로 작용하여 염증성 사이토카인의...,2025-01-27 00:58:00+09:00,http://www.k-health.com/news/articleView.html?idxno=77946,http://www.k-health.com/news/articleView.html?idxno=77946
강아지아토피,[메디컬 인사이트 68회] 알레르기 내과 전문의가 알려주는 '알레르기 비...,"최근 고양이나 강아지를 비롯한 많은 동물을 키우는 가정들이 늘어나고 있는데요.최근에는 이 동물 이외에도... 그러니까 결막염, 아토피 피부염, 식품 알레르기 등입니다. 여러분들은 알레르기 행진, Allergic march라고...",2025-01-24 22:20:00+09:00,https://n.news.naver.com/mnews/article/052/0002145382?sid=102,https://www.ytn.co.kr/_ln/0103_202501242220020791
강아지아토피,"우리 강아지 '발사탕' 이유는?…""가려움 때문"" [슬집생]","원래는 안 그랬는데 어느 날부터인지 발바닥을 사탕처럼 빨아대는 우리 강아지. 대체 이유가 뭘까? 장봉환 굿모닝펫 동물병원 원장은 ""대표적인 이유는 가려움 때문""이라고 답했다. 알러지나 아토피가 있을 때 심한...",2025-01-24 09:46:00+09:00,http://www.mkhealth.co.kr/news/articleView.html?idxno=71510,http://www.mkhealth.co.kr/news/articleView.html?idxno=71510
강아지아토피,"반려견 겨울철 피부 관리 방법은…이태현 수의사, 1월 24일 강의",관리&아토피 관리 방법'을 소개한다. 서울대학교 수의과대학 피부과학 석사인 이 원장은 피부 레이저 전문 동물병원을 운영하고 있다. 그는 레스케이프의 라이프스타일 프로그램 '살롱 드 레스케이프'에서 강아지의 피부...,2025-01-23 18:10:00+09:00,https://n.news.naver.com/mnews/article/421/0008041365?sid=102,https://www.news1.kr/society/general-society/5671404
강아지아토피,[반려동물 건강이야기] 약물치료 의존은 그만! 지긋지긋 피부염 잡는 최...,특히 아무리 치료를 해도 잠깐 좋아졌다가 나빠지는 것을 반복하며 만성적인 피부병을 앓고 있는 강아지... 아토피나 알러지성 피부염과 같은 면역학적 질환부터 내분비성 질환이나 외상에 의해서 이차적으로 생기는...,2025-01-20 14:40:00+09:00,http://www.k-health.com/news/articleView.html?idxno=77765,http://www.k-health.com/news/articleView.html?idxno=77765
강아지아토피,"멍냥이들의 ‘고질병’…힘들다, 음식 알레르기","저희 집 강아지가 요새 귀 뒤쪽을 긁고 불편해 보이더니 탈모 증상까지 보이더라고요. 동물병원에 갔더니... 음식이나 먼지, 화학물질, 아토피 등이 알러젠이 되기도 하고, 접촉성·계절성·스트레스성 알러젠이 알레르기를...",2025-01-14 13:32:00+09:00,https://n.news.naver.com/mnews/article/028/0002726478?sid=103,https://www.hani.co.kr/arti/animalpeople/companion_animal/1177789.html
강아지아토피,털이 있어도 안심 NO! 반려동물 겨울철 건강 필수 체크리스트 [김정재 수...,"강아지와 고양이의 피부는 사람보다 훨씬 얇고, 겨울에는 실내에서 생활하는 시간이 길기 때문에 내부와... 빠짐, 아토피 등으로 이어질 수 있다. 이를 예방하기 위해서는 평소 실내 습도를 50~60%로 유지하고, 피부 상태를...",2025-01-10 09:00:00+09:00,https://www.healthinnews.co.kr/view.php?ud=2025011008571579836aa9cc43d0_48,https://www.healthinnews.co.kr/view.php?ud=2025011008571579836aa9cc43d0_48
강아지아토피,"손 안의 피부과, 디바이스의 모든 것","강아지 아토피성 피부염에도 효과적. 고분자 화합물을 조합한 극세 섬유 필터가 미세한 오염까지 제거해 여행 시에도 활용 가능하다. 세라매스 델 하루 12분, 총 160샷으로 피부 윤곽을 매끄럽게 조각할 수 있다....",2025-01-09 09:02:00+09:00,https://woman.donga.com/3/all/12/5384437/1,https://woman.donga.com/3/all/12/5384437/1
강아지아토피,"2024년 세미나 관심 키워드 1위는 ‘피부’, 2위는 ‘쿠싱’","‘강아지 쿠싱 증후군의 진단’ 콘텐츠가 조회수 1,357회로 2위를 차지했고, ‘급성 소화기 증상(조회수 811... 나재진 수의사는 “특히 아토피와 같은 만성 피부질환은 보호자와 반려동물의 관계에 중요한 영향을 미친다”...",2024-12-24 13:52:00+09:00,https://www.dailyvet.co.kr/news/companion-animal/232373,https://www.dailyvet.co.kr/news/companion-animal/232373
강아지아토피,[반려동물 건강이야기] 귀가 떨어져 나가도록 벅벅-강아지 단골질환 '외...,(강아지) 아토피 유발물질은 집먼지진드기·꽃가루 등 다양해요 만성외이염에 시달리는 강아지 중 상당수가 알레르기를 기저질환으로 갖고 있습니다. 따라서 알레르기를 관리하지 못하면 외이염을 치료해도 그때뿐...,2024-12-15 08:24:00+09:00,http://www.k-health.com/news/articleView.html?idxno=76852,http://www.k-health.com/news/articleView.html?idxno=76852
강아지아토피,[반려동물 건강이야기] 지긋지긋 알레르기에 강아지는 괴로워,②환경알레르기(아토피)-유발물질(알레르겐)) :(띄어쓰기)나무/풀 꽃가루/집먼지진드기/곰팡이 등 (강아지1) 식사 후에 가려움증이 심해지나요? 가려움증과 더불어 설사/구토가 나타나나요? (강아지2) 범인은 음식알레르기일...,2024-12-08 09:44:00+09:00,http://www.k-health.com/news/articleView.html?idxno=76655,http://www.k-health.com/news/articleView.html?idxno=76655
강아지아토피,[호서대학교 창업중심대학 스타트업 CEO] 보령머드함유 화장품을 제조하...,"나 대표는 보령머드가 갖고 있는 아토피 개선, 피부재생, 노폐물 제거 등의 원료적 효능과 27년간 쌓아 온... 콜라보한 강아지 머드팩샴푸)의 주력제품들이 국내 올리브영은 물론 미국 코스트코를 포함한 해외에서 좋은...",2024-12-05 23:54:00+09:00,https://magazine.hankyung.com/job-joy/article/202412057794d,https://magazine.hankyung.com/job-joy/article/202412057794d
강아지아토피,"강아지의 귓병, 꾸준한 '이것'으로 예방해야","아토피와 알레르기, 진드기 감염 등이 외이도염을 유발하기도 한다. 특히 야외 산책을 자주 나가는 강아지는 풀밭에서 진드기에 물릴 위험이 있는 데다, 다른 강아지와 접촉해 전염되기도 하는 사례도 흔하기에 보호자의...",2024-11-29 15:00:00+09:00,https://news.hidoc.co.kr/news/articleView.html?idxno=41304,https://news.hidoc.co.kr/news/articleView.html?idxno=41304
강아지아토피,"에스엔제이, 동물용 레이저 출시…韓 라퓨클레르·美 CATCUS 동물 병원과...",아니라 강아지와 고양이에게 흔히 발생되는 외이염 치료에서 핵심적인 역할을 할 것으로 기대된다.... 이어 “프랙셔널 모드를 활용해 아토피 등으로 인해 태선화된 넓은 피부 면적을 효율적으로 치료할 방법을...,2024-11-15 09:00:00+09:00,https://mdtoday.co.kr/news/view/1065571089209952,https://mdtoday.co.kr/news/view/1065571089209952
강아지아토피,[세상에 나쁜 개는 없다] 베테랑 애견 미용사도 제어 못 한다는 반려견...,"오래전부터 구조된 강아지들이 좋은 곳으로 입양될 수 있도록 미용 봉사를 하고 있다는 애견 미용사.... 둘째 미라클은 구조 후 디스크 파열로 허리 수술을 한 후 통증으로 고생하고 있고, 셋째 허브는 심각한 아토피...",2024-11-08 18:30:00+09:00,http://www.queen.co.kr/news/articleView.html?idxno=421847,http://www.queen.co.kr/news/articleView.html?idxno=421847
강아지아토피,"세상에 나쁜 개는 없다, '애견 미용사의 민망한 개' 편 방송","오래전부터 구조된 강아지들이 좋은 곳으로 입양될 수 있도록 미용 봉사를 하고 있다는 애견 미용사.... 둘째 미라클은 구조 후 디스크 파열로 허리 수술을 한 후 통증으로 고생하고 있고, 셋째 허브는 심각한 아토피...",2024-11-07 13:16:00+09:00,https://www.mhns.co.kr/news/articleView.html?idxno=703030,https://www.mhns.co.kr/news/articleView.html?idxno=703030
강아지아토피,'세상에 나쁜 개는 없다' 애견 미용사의 수시로 마운팅하는 개,"오래전부터 구조된 강아지들이 좋은 곳으로 입양될 수 있도록 미용 봉사를 하고 있다는 애견 미용사.... 둘째 미라클은 구조 후 디스크 파열로 허리 수술을 한 후 통증으로 고생하고 있고, 셋째 허브는 심각한 아토피...",2024-11-07 09:38:00+09:00,https://www.stardailynews.co.kr/news/articleView.html?idxno=464354,https://www.stardailynews.co.kr/news/articleView.html?idxno=464354
강아지아토피,[스타트UP] 보령머드로 美 코스트코 뚫었다...글로벌 머드왕 꿈꾸는 비...,"나철균 비엠코스 대표 보령 머드로 제조한 천연 화장품 ‘비알머드’ 아토피 개선, 피부재생, 노폐물 제거... 비엠코스는 성장하는 반려동물 제품 시장을 겨냥해 보령 머드가 10%가 함유된 ‘강아지 머드팩 샴푸’도...",2024-10-30 06:01:00+09:00,https://n.news.naver.com/mnews/article/366/0001027984?sid=101,https://biz.chosun.com/industry/business-venture/2024/10/30/5YMLB4LMHRAMFN3KQ5N6GWBE4Y/?utm_source=naver&utm_medium=original&utm_campaign=biz
강아지아토피,국내 반려동물 처방식 선구자의 ‘정부 포상’ 소감은,반려견 아토피질환 처방식 ‘A/F’ 등 제품 9종을 내놨다. 이후로도 관련 단체의 지원을 이끌어내며 처방식... 조 소장은 앞으로 목표에 대해 “강아지와 고양이 각 개체별로 저마다 다른 합병증을 앓을 수 있기 때문에...,2024-10-28 14:48:00+09:00,http://www.segyebiz.com/newsView/20241028510390?OutUrl=naver,http://www.segyebiz.com/newsView/20241028510390?OutUrl=naver
강아지아토피,"""강아지용 명품 옷까지?""… 남다른 '반려견 사랑' 보여주는 스타 5인, 누...","연구진은 또한, 출산 후 반려동물을 기르면 아이의 장내 연쇄상구균이 줄어 아토피, 대사 질환 발병 위험이 줄어든다고 밝혔다. 다만 알레르기가 있는 사람은 반려동물을 키우기 전 한 번 더 고민해야 한다. 반려동물과...",2024-10-25 20:33:00+09:00,https://n.news.naver.com/mnews/article/346/0000082098?sid=004,https://health.chosun.com/site/data/html_dir/2024/10/25/2024102502028.html
강아지아토피,"조에티스, 반려견 피부질환 진단 도구 배포…돼지 백신도 소개","조에티스는 이날 행사장에 부스를 마련하고, 국내외 수의사와 수의대생을 대상으로 제품 소개와 아토피 등... 부스에서는 개(강아지)의 알레르기 피부염에 개별화된 도움을 주는 치료제 아포퀠 츄어블 정과...",2024-10-25 17:29:00+09:00,https://n.news.naver.com/mnews/article/421/0007868343?sid=105,https://www.news1.kr/bio/general/5580163
강아지아토피,"""맞춤 자연식단이 '보약'… 깐깐한 韓 펫푸드시장 사로잡을 것""[Weekend 반...","■""강아지 아토피에 병원약은 No""… 영양학적 이해가 우선 왕 대표는 건강했던 반려견 '큐비'가 각종 건강문제를 겪게 되면서 반려동물에 대한 근본적인 이해를 통한 해결책을 찾는 과정에서 봄봄을 설립했다. 그 과정에서...",2024-10-25 04:01:00+09:00,https://n.news.naver.com/mnews/article/014/0005258190?sid=103,http://www.fnnews.com/news/202410241809017963
강아지아토피,"펫펫펫, '굿랩 트러블 밸런스' 동물 임상으로 피부염 개선 효과 검증",펫펫펫 브랜드의 굿랩 트러블 밸런스가 강아지와 고양이가 동시에 섭취할 수 있도록 설계된 피부 영양제를 출시했다.해당 제품은 식약처로부터 아토피 피부염 개선 기능을 인정받은 특허 원료인 유기농 갈락토 올리고당을...,2024-10-15 09:28:00+09:00,http://www.kbsm.net/news/view.php?idx=449772,http://www.kbsm.net/news/view.php?idx=449772
강아지아토피,"서울시수의사회, 추계 학술대회 성료…""아시아 행사로 성장""","강아지, 고양이 임상 강의 외 나승원 나음동물의료센터 원장의 앵무새 질병 치료와 건국대 엄기동·김재환... 한국조에티스에서는 알레르기 아토피성 피부질환 치료제 아포퀠 츄어블 정을, 한국엘랑코동물약품은...",2024-10-02 15:54:00+09:00,https://n.news.naver.com/mnews/article/421/0007821154?sid=101,https://www.news1.kr/industry/general-industry/5557288
강아지아토피,"귀여움 두 배, 행복도 두 배? ‘애개 육아’의 현실은…",이를 지켜보던 갈색 털에 까만 눈망울의 강아지가 같은 베개에 머리를 얹고 스르르 눈 감는다. 그 평온함과... ‘반려견과 산 아이들이 면역력이 강해져 천식·아토피 걸릴 위험이 낮고 지능은 더 높다’는 외국의 연구...,2024-09-28 00:46:00+09:00,https://n.news.naver.com/mnews/article/023/0003861044?sid=102,https://www.chosun.com/national/weekend/2024/09/28/NCC5NBP4KNALHNDMU5224CVOMY/?utm_source=naver&utm_medium=referral&utm_campaign=naver-news
강아지아토피,"그라스메디, 오가노이드사이언스와 손잡고 윤리적인 반려동물 헬스케어...",서울바이오허브 입주기업인 그라스메디는 반려동물 아토피 치료제로 국내 기업에서는 최초로 FDA 승인 신약에... 오가노이드를 활용해 강아지용 바르는 치약 '자유펫 덴탈겔'의 장내 독성 평가로 시작된 이번 협력을 통해...,2024-09-26 15:24:00+09:00,https://www.kbanker.co.kr/news/articleView.html?idxno=216551,https://www.kbanker.co.kr/news/articleView.html?idxno=216551
강아지아토피,"그라스메디-오가노이드사이언스 협약, 반려동물 제품 동물실험 대체 기...",오가노이드를 활용해 강아지용 바르는 치약 '자유펫 덴탈겔'의 장내 독성 평가로 시작된 이번 협력을 통해... 서울바이오허브 입주기업인 그라스메디는 반려동물 아토피 치료제로 국내 기업에서는 최초로 FDA 승인 신약에...,2024-09-26 11:10:00+09:00,http://www.livesnews.com/news/article.html?no=43151,http://www.livesnews.com/news/article.html?no=43151
강아지아토피,"그라스메디, 오가노이드사이언스와 업무 협약 체결...""반려동물 헬스케...","관계자는 ""서울바이오허브 입주기업인 그라스메디는 반려동물 아토피 치료제로 국내 기업에서는 첫 FDA 승인... ""라며 ""오가노이드를 활용해 강아지용 바르는 치약 '자유펫 덴탈겔'의 장내 독성 평가로 시작된 이번 협력을...",2024-09-25 16:28:00+09:00,http://www.sisunnews.co.kr/news/articleView.html?idxno=215741,http://www.sisunnews.co.kr/news/articleView.html?idxno=215741
강아지아토피,"그라스메디, 오가노이드사이언스와 동물실험 대체 기술개발 협력","그라스메디는 반려동물 아토피 치료제를 개발하고 있다. 이 제품으로 미국 식품의약국(FDA) 승인 신약에... 그라스메디는 오가노이드를 활용해 강아지용 바르는 치약의 장내 독성 평가부터 반려동물 의약외품, 의약품...",2024-09-25 14:00:00+09:00,https://it.chosun.com/news/articleView.html?idxno=2023092123935,https://it.chosun.com/news/articleView.html?idxno=2023092123935
강아지아토피,그라스메디와 오가노이드사이언스 협약,서울바이오허브 입주기업인 그라스메디는 반려동물 아토피 치료제로 FDA 승인 신약에 도전하는 기술력을... 오가노이드를 활용해 강아지용 바르는 치약 '자유펫 덴탈겔'의 장내 독성 평가로 시작된 이번 협력을 통해...,2024-09-25 11:54:00+09:00,http://www.segyebiz.com/newsView/20240925508668?OutUrl=naver,http://www.segyebiz.com/newsView/20240925508668?OutUrl=naver
강아지아토피,"그라스메디-오가노이드사이언스, 동물실험 대체 기술로 반려동물 헬스케...",서울바이오허브 입주기업인 그라스메디는 반려동물 아토피 치료제로 국내 기업에서는 최초로 FDA 승인 신약에... 오가노이드를 활용해 강아지용 바르는 치약 '자유펫 덴탈겔'의 장내 독성 평가로 시작된 이번 협력을 통해...,2024-09-25 09:38:00+09:00,https://www.enetnews.co.kr/news/articleView.html?idxno=29633,https://www.enetnews.co.kr/news/articleView.html?idxno=29633
강아지아토피,"[반려동물 건강이야기] 만두귀 부르는 이개혈종, 근본원인 다스려야 재...",강아지의 귀에 소양감이 유발하는 원인질환으로 ▲외이염 ▲아토피 ▲알레르기 ▲외상 ▲진드기 감염 등 여러 가능성을 고려할 수 있다. 드물지만 쿠싱증후군과 같이 혈관을 약하게 만드는 기저질환으로 인해 이개혈종이...,2024-09-17 07:12:00+09:00,http://www.k-health.com/news/articleView.html?idxno=74724,http://www.k-health.com/news/articleView.html?idxno=74724
강아지아토피,[스타트UP] “우리 댕댕이 아픈 곳 바로 알아요” 뒷다리 사진 1장으로 ...,김광현(28) 대표는 “진단 키트나 강아지 목에 거는 웨어러블(입는) 기기 위주로 반려동물 진단 서비스가... 회사는 내년부턴 아토피 등 피부 질환 등으로까지 대상 질병을 확대해 더 많은 사용자와 반려동물을...,2024-09-17 06:01:00+09:00,https://n.news.naver.com/mnews/article/366/0001018523?sid=101,https://biz.chosun.com/industry/business-venture/2024/09/17/KA3NQ4OYNBGFHOCDXHAMDKQOEI/?utm_source=naver&utm_medium=original&utm_campaign=biz
강아지아토피,피부 전문 이태현 수의사의 강아지 피부질환 관리법,"세균이나 곰팡이, 기생충에서 비롯한 감염성 질환은 곧바로 치료가 가능하지만 알레르기성 질환은 강아지 스스로 제어할 수 없습니다. 환경부터 식이까지 보호자의 노력이 따라줘야 하는 영역이죠. 사람이 아토피나...",2024-09-12 09:02:00+09:00,https://woman.donga.com/3/all/12/5163538/1,https://woman.donga.com/3/all/12/5163538/1
강아지아토피,[개인중심 시대의 현재와 미래] 세상에서 날 가장 잘 이해해주는 내가 ...,"강아지 '뭉치'의 생일파티. 현대화가 급속도로 진행되면서 한국의 뿌리 정신인 '공동체 의식'은 희미해지고... 면제 항목에는 진찰·투약·검사부터 구토·설사, 아토피성 피부염, 무릎뼈 탈구 수술, 스케일링 등이...",2024-09-08 21:34:00+09:00,https://www.idaegu.co.kr/news/articleView.html?idxno=474476,https://www.idaegu.co.kr/news/articleView.html?idxno=474476
강아지아토피,[신흥재벌이 걸어온 길-김홍국 하림 회장] 2. 나폴레옹 정신으로 꾸준한...,하림펫푸드 더 리얼 라인업/하림 하림은 2017년 하림펫푸드를 론칭하고 강아지와 고양이 사료 '더 리얼'과... 푸디버디는 아토피가 있던 김 회장의 자녀에게 영감을 얻어 만든 브랜드다. 건강하고 믿을 수 있는 먹거리를...,2024-09-08 15:20:00+09:00,http://www.metroseoul.co.kr/article/20240908500282,http://www.metroseoul.co.kr/article/20240908500282
강아지아토피,"반려동물의 줄기세포 엑소좀 치료, 스프레이 타입 피부질환 치료에 효과...","최근 강아지와 고양이 등 반려동물의 질환을 치료하는 방법 중 엑소좀(Exosome) 치료에 대한 관심이 높아지고... 치료 범위로는 고양이 턱드름부터 아토피성 피부염, 피부염증 괴사된 피부, 긁거나 가려워하는 피부염...",2024-09-06 18:06:00+09:00,https://www.mediafine.co.kr/news/articleView.html?idxno=62166,https://www.mediafine.co.kr/news/articleView.html?idxno=62166
강아지아토피,"[Pangyo Interview] 피텐, 식물 추출물 활용한 어린이·반려동물·성인 가...","해당 제품은 스테로이드 사용 없이 가려움증과 아토피를 개선할 수 있는 대안으로 주목받으며, 6개국에 B2C... 이를 해결하기 위해 피텐은 강아지와 고양이의 가려움을 개선할 수 있는 '아토콩 안가렵게 미스트'를...",2024-08-29 09:54:00+09:00,https://kr.aving.net/news/articleView.html?idxno=1793289,https://kr.aving.net/news/articleView.html?idxno=1793289
강아지아토피,코로나19가 띄운 진단키트 산업...질병뿐 아니라 알레르기까지 진단,"장비 없이 혈액만 있으면 단 20분 만에 1ml의 혈액으로 강아지, 고양이, 진드기, 곰팡이, 복숭아, 땅콩을... 반려견도 탈모, 아토피, 충혈, 습진 같은 알레르기 질환이 있지만 말을 할 수 없으므로 증상으로 판단해야 하는데...",2024-08-21 11:34:00+09:00,https://n.news.naver.com/mnews/article/009/0005353233?sid=101,https://www.mk.co.kr/article/11097651
강아지아토피,"쌤아저씨 동물 병원, '유기견 대모' 배우 이용녀 만나다",김병우 원장이 선보인 닥터콜은 고양이 구내염과 강아지 아토피 등에 도움이 되는 콜라겐 영양제로 피부가 좋지 않거나 관절이 좋지 않은 케이스 및 면역력이 약한 강아지나 고양이에게 급여할 수 있는 영양제로 기호성이...,2024-08-08 17:00:00+09:00,http://www.biotimes.co.kr/news/articleView.html?idxno=16528,http://www.biotimes.co.kr/news/articleView.html?idxno=16528
강아지아토피,[송민형과 함께하는 '슬기로운 보호자생활'] 댕냥이도 아토피가 있나요...,강아지나 고양이를 치료할 때 단기간에 걸쳐 사용하거나 다른 약물들에 대해 전혀 반응을 보이지 않을 때 처방하는 경우가 많다. 다음으로는 항히스타민제 역시 많이 사용하게 되는데 사람의 경우 항히스타민제가 아토피나...,2024-07-28 19:42:00+09:00,http://www.kyeongin.com/main/view.php?key=20240729010003325,http://www.kyeongin.com/main/view.php?key=20240729010003325
강아지아토피,"그라스메디, 마크로젠과 손잡고 강아지 유전자 검사 서비스, '자유펫x마...","더불어 아토피, 백내장 등 진단 항목의 추가는 물론 질병에 대한 구체적인 정보 및 관리까지 도움을 주는 서비스로 발전시켜나갈 계획이라고 밝혔다. 이번 서비스 출시를 통해 그라스메디는 기존 의약외품, 건강기능식품...",2024-07-18 16:28:00+09:00,https://n.news.naver.com/mnews/article/008/0005065746?sid=101,http://news.mt.co.kr/mtview.php?no=2024071810510985817
강아지아토피,"프로티아, 말 위한 세계 최다 종류 알레르기 검사 키트 개발 완료","말에서 관찰되는 대표적인 알레르기 증상은 아토피성 피부염(Atopic dermatitis), 여름철 계절성 재발성... 비록 강아지나 고양이에 비하여 사육 두수는 크게 적으나 고가의 동물이고 말 소유주, 트레이너 사육자...",2024-07-12 08:27:00+09:00,https://www.newspim.com/news/view/20240712000057,https://www.newspim.com/news/view/20240712000057
강아지아토피,"[반려동물 건강이야기] 운동선수만 있는 줄 알았던 만두귀, 강아지·고양...","만두귀는 이개혈종이라는 또 다른 이름이 있으며 강아지와 고양이에게도 발생할 수 있다. 하지만... 외상이나 진드기 감염, 아토피, 알레르기 등 소양감을 유발하는 다른 질환이 문제 될 수도 있다. 또 쿠싱증후군처럼...",2024-07-06 09:32:00+09:00,http://www.k-health.com/news/articleView.html?idxno=73172,http://www.k-health.com/news/articleView.html?idxno=73172
강아지아토피,"영유아 위해 만들던 최고급 백신, 이제 쫑이가 맞는다","고양이나 강아지는 사람보다 항체가 잘 생기지 않고 생겨도 금방 사라지기 때문에 상대적으로 자주 백신을... ● 사람에게선 실패 치료제가 동물에게선 ‘히어로’ 반려동물 치료제 역시 습진, 아토피, 당뇨병에서 암...",2024-07-06 01:43:00+09:00,https://n.news.naver.com/mnews/article/020/0003574776?sid=101,https://www.donga.com/news/Economy/article/all/20240705/125794084/2
강아지아토피,국제학회에 소개된 국내 동물병원의 ‘고양이 CKD 줄기세포 치료 효과’,"24%, 아토피 등 피부질환 14%, 관절질환 8.5%, 췌장염/간부전 8.5% 순이었고, 반려묘는 신부전 44%, 구내염 22... 한편, 지난 5월에는 주정욱 원장이 오랜 시간 준비한 ‘강아지 IMHA 질환에 대한 줄기세포치료 효과’...",2024-07-05 08:52:00+09:00,https://www.dailyvet.co.kr/news/academy/217031,https://www.dailyvet.co.kr/news/academy/217031
강아지아토피,"""여기서도 블록버스터 나온다""…펫 신약 개발 나선 스타트업","이상래 아주대학교 의대 교수 겸 카이저바이오 대표는 ""사람이나 강아지, 고양이 등에서 질환의... 이를 기반으로 아토피, 퇴행성 관절염, 근감소증 치료제 등을 개발한다는 계획이다. 대웅제약의 자회사인 대웅펫에서...",2024-06-26 07:00:00+09:00,https://n.news.naver.com/mnews/article/008/0005055534?sid=101,http://news.mt.co.kr/mtview.php?no=2024062117421025400
강아지아토피,"침구·유통업계, 경쟁력 강화 나선다",특히 이 제품은 아토피와 새집증후군의 주 원인인 포름알데히드가 없는 제품이며 화재가 나도 유해가스를... 깜자는 귀여운 표정이 특징인 강아지 캐릭터로 카카오톡 메신저 등에서 1020세대를 중심으로 인기를 얻고...,2024-06-18 09:32:00+09:00,https://www.asiatoday.co.kr/view.php?key=20240618010009176,https://www.asiatoday.co.kr/view.php?key=20240618010009176
강아지아토피,"자꾸 발 쩝쩝, 강아지 '발사탕' 행동 어떻게…""야단치지 마세요""","""우리 토토 또 발사탕 빠네~ 그만하자."" 강아지가 자기 발을 쩝쩝거리며 핥는 행동을 '발사탕 빤다'고 부른다.... 만약 알레르기성 혹은 아토피성 피부염에 의한 가려움증 때문이라면 수의사 상담을 통한 약물 치료가 도움이...",2024-06-18 09:00:00+09:00,https://n.news.naver.com/mnews/article/421/0007607055?sid=103,https://www.news1.kr/articles/5449630
강아지아토피,"아이비, 이사한 새 집 공개..""떠돌이 생활 끝, 새집증후군에 아토피 생...","새집 증후군 때문에 아토피 생길 것 같다""며 새로 이사한 집의 인테리어를 소개했다. 현관 바닥을 보여주며... 아이비는 ""강아지들과 같이 잔다. 새벽에 화장실을 왔다갔다 해서 문을 닫고 자지 않는다'라고 말했다. 끝으로...",2024-06-11 14:53:00+09:00,https://m.entertain.naver.com/article/112/0003702439,http://biz.heraldcorp.com/view.php?ud=202406111403048256116_1
강아지아토피,"""멧 갈라는 가라, 이젠 '펫 갈라'""… 반려견 '옷 입히기' 팁 있을까?",지난 20일(현지시각) 미국 뉴욕 AKC 강아지 박물관에서 반려견 패션쇼 '펫 갈라'가 열렸다. 펫 갈라는 뉴욕... 화학 섬유로 만들어진 옷은 색깔이나 디자인이 보기 좋을 수 있으나 알레르기나 아토피의 원인이 되거나 본래...,2024-05-29 10:56:00+09:00,https://n.news.naver.com/mnews/article/346/0000075305?sid=103,https://health.chosun.com/site/data/html_dir/2024/05/29/2024052900989.html
강아지아토피,"메리츠화재, '반려동물 20세 시대' 의료복지 강화 앞장","<사진제공=메리츠화재> 견생(강아지의 일생)과 묘생(고양이의 일생)이 평균 20세 이상 이어지도록 바라는... 소형견의 50%는 슬개골 탈구를 겪고, 반려동물 30%는 아토피, 25%는 암에 걸리는 등 평균 수명이 길어지면서 사람과...",2024-05-28 15:10:00+09:00,http://www.00news.co.kr/news/articleView.html?idxno=86122,http://www.00news.co.kr/news/articleView.html?idxno=86122
강아지아토피,"""우리 댕댕이 20년 함께'...메리츠화재, 반려동물 의료복지 챙긴다","견생(강아지의 일생)과 묘생(고양이의 일생)이 평균 20세 이상 이어지도록 바라는 마음을 담아 메인... 아토피와 심장병, 관절염 등 만성 질환의 경우 평생 관리가 필요하기 때문에 치료비 부담은 더 커진다. 이러한...",2024-05-28 09:02:00+09:00,https://www.greened.kr/news/articleView.html?idxno=314671,https://www.greened.kr/news/articleView.html?idxno=314671
강아지아토피,"메리츠화재, 반려동물 의료복지 캠페인 진행","견생(강아지의 일생)과 묘생(고양이의 일생)이 평균 20세 이상 이어지도록 바라는 마음을 담아 메인 슬로건을... 반려동물 30%는 아토피, 25%는 암에 걸리는 등 평균 수명이 길어지면서 사람과 유사한 다양한 질환을...",2024-05-27 17:28:00+09:00,https://daily.hankooki.com/news/articleView.html?idxno=1088313,https://daily.hankooki.com/news/articleView.html?idxno=1088313
강아지아토피,"메리츠화재, '견생묘생 20년' 캠페인…농협, 저출생 극복 '아이희망적금...","견생(강아지의 일생)과 묘생(고양이의 일생)이 평균 20세 이상 이어지도록 바라는 마음을 담아 메인... 아토피와 심장병, 관절염 등 만성질환의 경우 평생 관리가 필요하기 때문에 치료비 부담은 더 커진다. 보험이라는...",2024-05-27 17:28:00+09:00,http://www.sisaon.co.kr/news/articleView.html?idxno=161343,http://www.sisaon.co.kr/news/articleView.html?idxno=161343
강아지아토피,"메리츠화재, '견생묘생 20년' 캠페인 ""반려동물 장수 기원""","견생(강아지의 일생)과 묘생(고양이의 일생)이 평균 20세 이상 이어지도록 바라는 마음을 담아 메인 슬로건을... 반려동물 30%는 아토피, 25%는 암에 걸리는 등 평균 수명이 길어지면서 사람과 유사한 다양한 질환을...",2024-05-27 17:06:00+09:00,https://www.ekoreanews.co.kr/news/articleView.html?idxno=73568,https://www.ekoreanews.co.kr/news/articleView.html?idxno=73568
강아지아토피,"메리츠화재, ‘견생묘생 20년 캠페인’으로 반려동물 의료복지 강화한다","견생(강아지의 일생)과 묘생(고양이의 일생)이 평균 20세 이상 이어지도록 바라는 마음을 담아 메인 슬로건을... 30%는 아토피, 25%는 암에 걸리는 것으로 알려졌다. 반려동물도 평균 수명이 길어지면서 사람과 유사한...",2024-05-27 16:42:00+09:00,http://www.segyebiz.com/newsView/20240527514784?OutUrl=naver,http://www.segyebiz.com/newsView/20240527514784?OutUrl=naver
강아지아토피,"“반려동물도 실손보험 필요”…메리츠화재, ‘견생묘생 20년’ 캠페인...","견생(강아지의 일생)과 묘생(고양이의 일생)이 평균 20세 이상 이어지도록 바라는 마음을 담아 메인... 반려동물 30%는 아토피, 25%는 암에 걸리는 등 평균 수명이 길어지면서 사람과 유사한 다양한 질환을 경험하는 것으로...",2024-05-27 16:16:00+09:00,https://n.news.naver.com/mnews/article/117/0003835216?sid=103,https://mydaily.co.kr/page/view/2024052716145986390
강아지아토피,"메리츠화재, 펫보험 1위 굳히나…'견생묘생 20년' 캠페인","'견생'(강아지의 일생)과 '묘생'(고양이의 일생)이 평균 20세 이상 이어지도록 바라는 마음을 담아 메인... 메리츠화재 관계자는 ""아토피와 심장병, 관절염 등 만성 질환의 경우 평생 관리가 필요하기 때문에 치료비 부담이...",2024-05-27 16:16:00+09:00,https://n.news.naver.com/mnews/article/586/0000079419?sid=101,http://www.sisajournal.com/news/articleView.html?idxno=291978
강아지아토피,"메리츠화재, 반려동물 의료복지 강화 '견생묘생 20년' 캠페인","메리츠화재는 견생(강아지의 일생)과 묘생(고양이의 일생)이 평균 20세 이상 이어지도록 바라는 마음을 담아... 해외 연구자료와 메리츠화재에 따르면 소형견의 50%는 슬개골 탈구를 겪고 반려동물 30%는 아토피, 25%는 암에...",2024-05-27 15:52:00+09:00,http://www.bizwnews.com/news/articleView.html?idxno=83250,http://www.bizwnews.com/news/articleView.html?idxno=83250
강아지아토피,메리츠화재 '견생묘생 20년' 캠페인 전개,"메리츠화재는 견생(강아지의 일생)과 묘생(고양이의 일생)이 평균 20세 이상 이어지도록 바라는 마음을 담아... 반려동물이 경험하는 아토피와 심장병, 관절염 등 만성 질환의 경우 평생 관리가 필요해 치료비용 부담이...",2024-05-27 15:52:00+09:00,https://www.koreaittimes.com/news/articleView.html?idxno=131720,https://www.koreaittimes.com/news/articleView.html?idxno=131720
강아지아토피,"메리츠화재, '견생묘생 20년' 캠페인 진행","견생(강아지의 일생)과 묘생(고양이의 일생)이 평균 20세 이상 이어지도록 바라는 마음을 담아 메인 슬로건을... 반려동물 30%는 아토피, 25%는 암에 걸리는 등 평균 수명이 길어지면서 사람과 유사한 다양한 질환을...",2024-05-27 15:14:00+09:00,http://www.dailyimpact.co.kr/news/articleView.html?idxno=117002,http://www.dailyimpact.co.kr/news/articleView.html?idxno=117002
강아지아토피,"메리츠화재, 반려동물 의료복지 챙긴다…'견생묘생 20년' 캠페인 실시","견생(강아지의 일생)과 묘생(고양이의 일생)이 평균 20세 이상 이어지도록 바라는 마음을 담아 메인 슬로건을... 아토피와 심장병, 관절염 등 만성 질환의 경우 평생 관리가 필요하기 때문에 치료비 부담은 더 커진다....",2024-05-27 14:58:00+09:00,https://www.dailysmart.co.kr/news/articleView.html?idxno=87869,https://www.dailysmart.co.kr/news/articleView.html?idxno=87869
강아지아토피,"메리츠화재, 반려동물 의료복지 위한 ‘견생묘생 20년’ 캠페인 진행","메리츠화재는 견생(강아지의 일생)과 묘생(고양이의 일생)이 평균 20세 이상 이어지도록 바라는 마음을 담아... 아토피와 심장병, 관절염 등 만성 질환의 경우 평생 관리가 필요하기 때문에 치료비 부담은 더 커진다....",2024-05-27 14:40:00+09:00,http://www.insnews.co.kr/design_php/news_view.php?num=79112&firstsec=1&secondsec=13,http://www.insnews.co.kr/design_php/news_view.php?num=79112&firstsec=1&secondsec=13
강아지아토피,"'견생묘생 20년'…메리츠화재, 반려동물 의료복지 캠페인 시작","견생(강아지의 일생)과 묘생(고양이의 일생)이 평균 20세 이상 이어지도록 바라는 마음을 담아 메인 슬로건을... 반려동물 30%는 아토피, 25%는 암에 걸리는 등 평균 수명이 길어지면서 사람과 유사한 다양한 질환을...",2024-05-27 14:16:00+09:00,http://www.fins.co.kr/news/articleView.html?idxno=100821,http://www.fins.co.kr/news/articleView.html?idxno=100821
강아지아토피,"메리츠화재, 견생묘생 20년 캠페인 진행…반려동물 의료복지 챙긴다","견생(강아지의 일생)과 묘생(고양이의 일생)이 평균 20세 이상 이어지도록 바라는 마음을 담아 메인 슬로건을... 반려동물 30%는 아토피, 25%는 암에 걸리는 등 평균 수명이 길어지면서 사람과 유사한 다양한 질환을...",2024-05-27 14:15:00+09:00,https://n.news.naver.com/mnews/article/119/0002833681?sid=101,https://www.dailian.co.kr/news/view/1365295/?sc=Naver
강아지아토피,"메리츠화재 ""강아지·고양이 건강 우리가 챙겨요""","견생(강아지의 일생)과 묘생(고양이의 일생)이 평균 20세 이상 이어지도록 바라는 마음을 담아 메인... 반려동물 30%는 아토피, 25%는 암에 걸리는 등 평균 수명이 길어지면서 사람과 유사한 다양한 질환을 경험하는 것으로...",2024-05-27 14:05:00+09:00,https://n.news.naver.com/mnews/article/079/0003899023?sid=101,https://www.nocutnews.co.kr/news/6150897?utm_source=naver&utm_medium=article&utm_campaign=20240527020325
강아지아토피,"메리츠화재, ‘견생묘생 20년’ 캠페인 전개","메리츠화재는 견생(강아지의 일생)과 묘생(고양이의 일생)이 평균 20세 이상 이어지도록 바라는 마음을 담아... 반려동물이 경험하는 아토피와 심장병, 관절염 등 만성 질환의 경우 평생 관리가 필요해 치료비용 부담이...",2024-05-27 13:40:00+09:00,https://www.ceoscoredaily.com/page/view/2024052710232841533,https://www.ceoscoredaily.com/page/view/2024052710232841533
강아지아토피,"메리츠화재 ""반려동물 의료복지 앞장"" '견생묘생 20년'' 캠페인",견생(강아지의 일생)과 묘생(고양이의 일생)이 평균 20세 이상 이어지도록 바라는 마음을 담아 메인 슬로건을... 아토피∙심장병∙관절염 등 만성 질환의 경우 평생 관리가 필요하기 때문에 치료비 부담은 더 커진다....,2024-05-27 11:52:00+09:00,https://www.catchnews.kr/news/articleView.html?idxno=92971,https://www.catchnews.kr/news/articleView.html?idxno=92971
강아지아토피,"메리츠화재, '견생묘생 20년' 캠페인 전개…반려동물 의료복지 강화 목...","이른바 견생(강아지의 일생)과 묘생(고양이의 일생)이 평균 20세 이상 이어지도록 바라는 마음을 담아 메인... 또 반려동물 30%는 아토피, 25%는 암에 걸리는 등 평균 수명이 길어지면서 사람과 유사한 다양한 질환을...",2024-05-27 11:34:00+09:00,https://www.newsquest.co.kr/news/articleView.html?idxno=224213,https://www.newsquest.co.kr/news/articleView.html?idxno=224213
강아지아토피,"메리츠화재, 반려동물 의료복지 챙긴다…'견생견묘 20년' 캠페인 시작","견생(강아지의 일생)과 묘생(고양이의 일생)이 평균 20세 이상 이어지도록 바라는 마음을 담아 메인 슬로건을... 반려동물 30%는 아토피, 25%는 암에 걸리는 등 평균 수명이 길어지면서 사람과 유사한 다양한 질환을 경험하는...",2024-05-27 11:20:00+09:00,http://www.wolyo.co.kr/news/articleView.html?idxno=240916,http://www.wolyo.co.kr/news/articleView.html?idxno=240916
강아지아토피,KB손해보험·메리츠화재·NH농협손해보험 外 [Daily Pick 보험],"견생(강아지의 일생)과 묘생(고양이의 일생)이 평균 20세 이상 이어지도록 바라는 마음을 담아 메인... 반려동물 30%는 아토피, 25%는 암에 걸리는 등 평균 수명이 길어지면서 사람과 유사한 다양한 질환을 경험하는...",2024-05-27 11:20:00+09:00,https://www.ngetnews.com/news/articleView.html?idxno=506619,https://www.ngetnews.com/news/articleView.html?idxno=506619
강아지아토피,"메리츠화재, 반려동물 평균수명 20년 시대 맞아 캠페인 시작","견생(강아지의 일생)과 묘생(고양이의 일생)이 평균 20세 이상 이어지도록 바라는 마음을 담아 메인 슬로건을... 반려동물 30%는 아토피, 25%는 암에 걸리는 등 평균 수명이 길어지면서 사람과 유사한 다양한 질환을...",2024-05-27 11:17:00+09:00,https://n.news.naver.com/mnews/article/243/0000059992?sid=101,https://economist.co.kr/article/view/ecn202405270006
강아지아토피,"""한 번에 감당할 수 있습니까""…반려동물 20세시대","견생(강아지의 일생)과 묘생(고양이의 일생)이 평균 20세 이상 이어지도록 바라는 마음을 담아 메인... 반려동물 30%는 아토피, 25%는 암에 걸리는 등 평균 수명이 길어지면서 사람과 유사한 다양한 질환을 경험하는 것으로...",2024-05-27 11:03:00+09:00,https://n.news.naver.com/mnews/article/215/0001163706?sid=101,http://www.wowtv.co.kr/NewsCenter/News/Read?articleId=A202405270069&t=NN
강아지아토피,"메리츠화재, '견생묘생 20년' 캠페인 진행","견생(강아지의 일생)과 묘생(고양이의 일생)이 평균 20세 이상 이어지도록 바라는 마음을 담아 메인 슬로건을... 반려동물 30%는 아토피, 25%는 암에 걸리는 등 평균 수명이 길어지면서 사람과 유사한 다양한 질환을...",2024-05-27 11:00:00+09:00,https://www.startuptoday.co.kr/news/articleView.html?idxno=301982,https://www.startuptoday.co.kr/news/articleView.html?idxno=301982
강아지아토피,"메리츠화재, 반려동물 의료복지 챙긴다…'견생묘생 20년' 캠페인...수의...","견생(강아지의 일생)과 묘생(고양이의 일생)이 평균 20세 이상 이어지도록 바라는 마음을 담아 메인 슬로건을... 반려동물 30%는 아토피, 25%는 암에 걸리는 등 평균 수명이 길어지면서 사람과 유사한 다양한 질환을...",2024-05-27 10:44:00+09:00,http://www.popcornnews.net/news/articleView.html?idxno=60488,http://www.popcornnews.net/news/articleView.html?idxno=60488
강아지아토피,"메리츠화재, 반려동물 의료복지 강화 캠페인 전개","‘견생 20세’, ‘묘생 20세’ 등 주요 표어에는 견생(강아지의 일생), 묘생(고양이의 일생)이 20세 이상... 또 반려동물 중 30%는 아토피, 25%는 암에 걸리는 등 수명이 길어지면서 사람과 유사한 질환에 노출되는 것으로...",2024-05-27 10:42:00+09:00,https://www.ajunews.com/view/20240527103537138,https://www.ajunews.com/view/20240527103537138
강아지아토피,"[보험풍향계] KB손보, 보험 MBTI 서비스… 고객 맞춤형 보장","강아지와 고양이의 수명이 평균 20세 이상 이어질 수 있도록 바라는 마음을 담아 메인 슬로건을 ‘견생... 30%는 아토피, 25%는 암에 걸리는 등 평균 수명이 길어지면서 사람과 유사한 다양한 질환을 경험하는 것으로...",2024-05-27 10:30:00+09:00,http://www.g-enews.com/ko-kr/news/article/news_all/202405271021519799658ae4d6a0_1/article.html,http://www.g-enews.com/ko-kr/news/article/news_all/202405271021519799658ae4d6a0_1/article.html
강아지아토피,"‘펫보험 1위’ 메리츠화재, 반려동물 의료복지 캠페인 앞장","견생(강아지의 일생)과 묘생(고양이의 일생)이 평균 20세 이상 이어지도록 바라는 마음을 담아 메인 슬로건을... 반려동물 30%는 아토피, 25%는 암에 걸리는 등 평균 수명이 길어지면서 사람과 유사한 다양한 질환을...",2024-05-27 10:16:00+09:00,https://n.news.naver.com/mnews/article/082/0001271707?sid=101,https://www.busan.com/view/busan/view.php?code=2024052710153651361
강아지아토피,메리츠화재 '견생묘생 20년' 캠페인…반려동물 의료복지 챙긴다,"견생(강아지의 일생)과 묘생(고양이의 일생)이 평균 20세 이상 이어지도록 바라는 마음을 담아 메인 슬로건을... 반려동물 30%는 아토피, 25%는 암에 걸리는 등 평균 수명이 길어지면서 사람과 유사한 다양한 질환을 경험하는...",2024-05-27 10:10:00+09:00,http://www.smedaily.co.kr/news/articleView.html?idxno=292062,http://www.smedaily.co.kr/news/articleView.html?idxno=292062
강아지아토피,"메리츠화재, 반려동물 의료복지 챙긴다..‘견생묘생 20년’ 캠페인","견생(강아지의 일생)과 묘생(고양이의 일생)이 평균 20세 이상 이어지도록 바라는 마음을 담아 메인... 반려동물 30%는 아토피, 25%는 암에 걸리는 등 평균 수명이 길어지면서 사람과 유사한 다양한 질환을 경험하는 것으로...",2024-05-27 10:06:00+09:00,https://n.news.naver.com/mnews/article/014/0005190561?sid=101,http://www.fnnews.com/news/202405271003483948
강아지아토피,"메리츠화재, '견생묘생 20년' 캠페인 진행","견생(강아지의 일생)과 묘생(고양이의 일생)이 평균 20세 이상 이어지도록 바라는 마음을 담아 메인 슬로건을... 반려동물 30%는 아토피, 25%는 암에 걸리는 등 평균 수명이 길어지면서 사람과 유사한 다양한 질환을...",2024-05-27 10:00:00+09:00,http://www.newsdream.kr/news/articleView.html?idxno=60197,http://www.newsdream.kr/news/articleView.html?idxno=60197
강아지아토피,"메리츠화재, ‘견생묘생 20년’ 캠페인…반려동물 의료복지 앞장","견생(강아지의 일생)과 묘생(고양이의 일생)이 평균 20세 이상 이어지도록 바라는 마음을 담아 메인 슬로건을... 반려동물 30%는 아토피, 25%는 암에 걸리는 등 평균 수명이 길어지면서 사람과 유사한 다양한 질환을...",2024-05-27 09:57:00+09:00,https://n.news.naver.com/mnews/article/016/0002313818?sid=101,https://news.heraldcorp.com/view.php?ud=20240527050166
강아지아토피,"메리츠화재, 반려동물 실손보험 일상화 위한 '견생묘생 20년' 캠페인 진...","견생(강아지의 일생)과 묘생(고양이의 일생)이 평균 20세 이상 이어지도록 바라는 마음을 담아 메인 슬로건을... 아토피와 심장병, 관절염 등 만성 질환의 경우 평생 관리가 필요하기 때문에 치료비 부담은 더 커진다. 이에...",2024-05-27 09:56:00+09:00,http://www.asiaa.co.kr/news/articleView.html?idxno=172584,http://www.asiaa.co.kr/news/articleView.html?idxno=172584
강아지아토피,"'견생묘생 20년'… 메리츠화재, 댕냥이 의료복지 캠페인 벌인다","견생(강아지의 일생)과 묘생(고양이의 일생)이 평균 20세 이상 이어지도록 바라는 마음을 담아 메인 슬로건을... 반려동물 30%는 아토피, 25%는 암에 걸리는 등 평균 수명이 길어지면서 사람과 유사한 다양한 질환을...",2024-05-27 09:51:00+09:00,https://n.news.naver.com/mnews/article/417/0001004675?sid=101,https://www.moneys.co.kr/article/2024052709492759239
강아지아토피,"시장점유율 '부동의 1위 '메리츠화재, 반려동물 의료복지 챙긴다…'견생...","견생(강아지의 일생)과 묘생(고양이의 일생)이 평균 20세 이상 이어지도록 바라는 마음을 담아 메인 슬로건을... 반려동물 30%는 아토피, 25%는 암에 걸리는 등 평균 수명이 길어지면서 사람과 유사한 다양한 질환을...",2024-05-27 09:48:00+09:00,http://www.issuenbiz.com/news/articleView.html?idxno=44140,http://www.issuenbiz.com/news/articleView.html?idxno=44140
강아지아토피,"메리츠화재, '견생묘생 20년' 캠페인 진행","견생(강아지의 일생)과 묘생(고양이의 일생)이 평균 20세 이상 이어지도록 바라는 마음을 담아 메인 슬로건을... 아토피와 심장병, 관절염 등 만성 질환의 경우 평생 관리가 필요하기 때문에 치료비 부담은 더 커진다....",2024-05-27 09:44:00+09:00,http://www.economytalk.kr/news/articleView.html?idxno=256392,http://www.economytalk.kr/news/articleView.html?idxno=256392
강아지아토피,"'펫보험 1위' 메리츠화재, '견생묘생 20년' 캠페인 진행","견생(강아지의 일생)과 묘생(고양이의 일생)이 평균 20세 이상 이어지도록 바라는 마음을 담아 메인 슬로건을... 반려동물 30%는 아토피, 25%는 암에 걸리는 등 평균 수명이 길어지면서 사람과 유사한 다양한 질환을...",2024-05-27 09:42:00+09:00,https://www.insightkorea.co.kr/news/articleView.html?idxno=200565,https://www.insightkorea.co.kr/news/articleView.html?idxno=200565
강아지아토피,모기 외에도 '이것' 주의!… 여름철 주의할 벌레는?,또한 아토피가 있거나 알레르기성 피부인 사람은 벌에 쏘이면 사망까지 이를 수 있는 '아나필락시스 쇼크'가... ▶벼룩=고양이나 강아지처럼 동물을 만진 후 몸에 빨간 자국이 여러 개 생겼다면 벼룩에게 물렸을 수 있다....,2024-05-23 19:31:00+09:00,https://n.news.naver.com/mnews/article/346/0000075110?sid=103,https://health.chosun.com/site/data/html_dir/2024/05/23/2024052301978.html
강아지아토피,통제되지 않는 긁기·핥기로 심해지는 강아지 아토피 관리법,본디 바깥 생활을 하던 강아지들이 실내 생활을 시작한 후부터 강아지 아토피와 같은 피부 관련 질환이 꾸준히 증가하고 있다. 해당 질환은 가볍게 발을 핥는 증상부터 심하게는 전신에 세균성 피부염으로 확산되며...,2024-05-17 14:46:00+09:00,https://mdtoday.co.kr/news/view/1065590690781735,https://mdtoday.co.kr/news/view/1065590690781735
강아지아토피,반려동물 피부·퇴행성 질환 등에 적용하는 줄기세포 엑소좀이란?,"불과 얼마 전까지만 해도 강아지·고양이의 줄기세포 치료에 대해 새로운 난치성 치료법이라고 소개가... 특히 피부질환인 턱드름, 아토피성 피부염 등에서 좋은 효과를 발휘한다. ▲ 주정욱 원장 (사진=애니컴메디컬센터...",2024-05-16 16:04:00+09:00,https://mdtoday.co.kr/news/view/1065595293597934,https://mdtoday.co.kr/news/view/1065595293597934
강아지아토피,[반려동물 건강톡톡]강아지가 귀를 계속 긁는다면…외이도염 의심,"강아지가 귀를 긁는 모습은 어디서나 흔하게 볼 수 있다. 조금 가려워서 긁는 모습은 문제 상황은 아니지만... 대표적으로 식이 알러지, 아토피 등이다. 특정 음식을 먹고 갑자기 귀를 많이 긁기 시작한다면 의심해볼 수...",2024-05-11 10:23:00+09:00,https://n.news.naver.com/mnews/article/088/0000877320?sid=103,https://www.imaeil.com/page/view/2024050710273542622
강아지아토피,[세계 천식의 날] 코로나19 가니 천식환자 쑥↑…오해와 진실 8,"최근 연구에 따르면 반려동물을 키우는 4명 중 1명이 천식증상을 보이며 강아지보다 고양이로 인해 발생하는 비중이 높았다. 특히 소아천식은 집먼지지진드기, 꽃가루 외에 반려동물로 인한 아토피성 천식이 발생하기도...",2024-05-06 07:26:00+09:00,http://www.k-health.com/news/articleView.html?idxno=71834,http://www.k-health.com/news/articleView.html?idxno=71834
강아지아토피,[반려동물 건강이야기] 우리집 강아지·고양이 귀는 만두귀?,"장원정 안산 조이고양이병원 X 조이강아지병원 내과원장 ""우리집 강아지 귀가 만두처럼 부풀어 올랐어요!... 특히 반려동물이 머리를 털지 않게 하도록 외이염을 관리하고 외이염을 일으킨 아토피나 알레르기, 감염 등을...",2024-04-29 16:06:00+09:00,http://www.k-health.com/news/articleView.html?idxno=71695,http://www.k-health.com/news/articleView.html?idxno=71695
강아지아토피,여름이 오기 전 미리 알려 주는 반려동물 외이도염 예방법[김정희 수의...,"사람의 외이도는 일(一)자로 생긴 반면, 강아지, 고양이의 외이도 모양은 L자로 꺾여 있다. 이런 반려동물의 귀... 이 외에도 외부기생충, 아토피, 알레르기, 갑상선기능저하증 등이 있다. 외이염을 제때 치료하지 못하면...",2024-04-26 14:32:00+09:00,https://www.healthinnews.co.kr/news/articleView.html?idxno=46432,https://www.healthinnews.co.kr/news/articleView.html?idxno=46432
강아지아토피,"[의학 정보] 반려동물도 나타나는 아토피 피부염, 레이저로 치료받고 관...","강아지, 고양이의 피부는 사람보다 피부벽이 얇고 약하기 때문에 피부 질환이 발병하기 쉬운데 요즘처럼... 특히 가장 많이 나타내는 피부 질환은 아토피성 피부염이다. 아토피는 특정 물질에 대해 면역 반응을 지나치게...",2024-04-23 10:56:00+09:00,https://www.job-post.co.kr/news/articleView.html?idxno=102684,https://www.job-post.co.kr/news/articleView.html?idxno=102684
강아지아토피,"KCC글라스, 표면 긁힘에 강하고 고탄력 쿠션층…반려동물에 적합한 바닥...","고양이, 강아지 등 반려동물을 사람처럼 대하고 가족의 일원으로 받아들이는 ‘펫팸족(펫+패밀리)’이... 이와 함께 환경 표지 인증, HB마크(친환경건축자재마크), 대한아토피협회 추천제품 마크 등 각종 친환경...",2024-04-22 16:05:00+09:00,https://n.news.naver.com/mnews/article/015/0004975637?sid=101,https://www.hankyung.com/article/2024042267841
강아지아토피,[반려동물 건강이야기] 자꾸 긁고 털 빠지는 고양이…주범은 아토피?,진료를 보다 보면 강아지만큼 흔하지는 않지만 아토피성피부염(아토피)으로 진단될 때가 종종 있다. 이번 칼럼에서는 다소 생소한 고양이 아토피에 대해 알아보자. 아토피란 알레르겐(알레르기성질환을 일으키는 항원)에...,2024-04-17 17:16:00+09:00,http://www.k-health.com/news/articleView.html?idxno=71440,http://www.k-health.com/news/articleView.html?idxno=71440
강아지아토피,꽃구경 나섰다가 … 툭하면 에취! 봄이 괴로워,"대표적인 알레르기 질환은 비염, 천식, 결막염, 아토피 피부염 등이다. 알레르기 반응을 유발하는 항원은... 반려동물 1000만 시대를 맞아 강아지나 고양이가 꽃보다 강력한 항원을 가지고 있어 주의가 필요하다. 특히...",2024-04-16 16:20:00+09:00,https://n.news.naver.com/mnews/article/009/0005289076?sid=103,https://www.mk.co.kr/article/10991811
강아지아토피,댕냥이 간 건강 챙기세요…'우루사펫' 하반기 출시,"대웅펫은 지난 2022년 대웅제약 스테디셀러 '임팩타민'을 반려동물용 영양제로 개발한 임팩타민펫 강아지... 대웅펫은 이외에 반려동물용 아토피 치료제, 당뇨병 치료제 등 신약 파이프라인으로 동물용 의약품을 지속...",2024-04-12 06:02:00+09:00,https://n.news.naver.com/mnews/article/030/0003197258?sid=102,https://www.etnews.com/20240411000255
강아지아토피,"[칼럼] 아토피 등 강아지 피부염, 적절한 치료 방법은?","강아지 아토피는 비감염성 피부질환으로 알레르기성 피부염의 일종이다. 주로 1~3살 연령의 어린나이에 발병하기 시작하며, 세균,진균,외부기생충 등의 감염증에 의한 피부염에 대한 배제가 다 되었는데도, 지속적으로...",2024-04-11 14:48:00+09:00,http://www.jeonmin.co.kr/news/articleView.html?idxno=395515,http://www.jeonmin.co.kr/news/articleView.html?idxno=395515
강아지아토피,"[마이펫페어] 포쿠코, 강아지오메가3 등 영양제 10종과 건강간식 2종 소...","외에도 비린내 탈취 기술인 클린텍스가 적용된 '강아지오메가3', 아토피 피부염 예방을 위한 43개국 특허 소재가 함유된 '강아지피부영양제 S 솔루션'이 있다. 이번 마이펫페어에서는 최저가 혜택과 꽝없는 룰렛이벤트...",2024-04-03 10:53:00+09:00,https://n.news.naver.com/mnews/article/030/0003194765?sid=103,https://www.etnews.com/20240403000084
강아지아토피,"'펫휴머니제이션' 시대…대웅펫, 반려동물과 건강한 동행 제시","베아제펫은 강아지·고양이의 소화 건강에 탁월한 효능을 나타내며, 제품에 함유된 소화 효소제와... 이외에도 대웅펫은 인체 신약 파이프라인으로 동물용 의약품을 개발하는 역량을 활용해 당뇨병 치료제, 아토피 치료제...",2024-03-19 16:18:00+09:00,https://www.cstimes.com/news/articleView.html?idxno=584006,https://www.cstimes.com/news/articleView.html?idxno=584006
강아지아토피,[반려동물 건강이야기] 강아지 귀가 풍선처럼 부풀었다? '이개혈종' 의심...,황인선 24시 분당 리더스 동물의료원(동물병원) 외과 과장 가끔 귀가 부풀어오른 강아지가 동물병원을... 전신 가려움증을 유발하는 아토피나 알레르기도 고려해야 한다. 이개혈종 자체를 치료하는 방법은 두 가지다....,2024-03-13 07:58:00+09:00,http://www.k-health.com/news/articleView.html?idxno=70674,http://www.k-health.com/news/articleView.html?idxno=70674
강아지아토피,어싱 열풍,"일상의 감기부터 다이어트, 암, 심혈관, 뇌질환, 고혈압, 아토피, 치매, 코로나19 등등 맨발 걷기로 병을 고친... 땅 밑에는 땅강아지, 곤충, 애벌레, 개미 등이 있고 다양한 종류의 씨앗들이 있다. 언젠가는 굳은 땅이나 돌...",2024-03-01 18:02:00+09:00,http://www.koreatimes.com/article/1504279,http://www.koreatimes.com/article/1504279
강아지아토피,'멍멍이 장건강-야옹이 비타민'…제약사 펫 헬스케어 영양제 넘어 신약...,"당뇨병치료제(DWP16001) 임상 3상, 아토피 치료제 임상 3상, 위염치료제 및 줄기세포 유래 엑소좀 치료제 임상... 강아지용 '멍판씨', 고양이용 '냥판씨' 상표권을 특허청에 등록했다. 유유제약 관계자는 “현재 상표권을...",2024-02-07 16:02:00+09:00,https://n.news.naver.com/mnews/article/030/0003179812?sid=102,https://www.etnews.com/20240207000253
강아지아토피,"반려동물산업 시장 15조 원 전망... 동물용의약품, 임상부터 안전관리까...","참고로 ㈜필리아바이오는 천연물 유래 후보물질을 이용해 아토피, 바이러스성 설사병 등의 질환을 대상으로... 영양제로 강아지와 고양이를 위한 헬스케어를 제공한다. 유한양행(대표 조욱제)은 지난해 의약품 개발 기업...",2024-02-05 10:56:00+09:00,http://www.biotimes.co.kr/news/articleView.html?idxno=13752,http://www.biotimes.co.kr/news/articleView.html?idxno=13752
강아지아토피,'펫 케어' 강화하는 제약사들…6兆 시장 정조준,"특허청에 강아지용 '멍판씨'와 고양이용 '냥판씨'에 대한 상표 등록을 마쳤다. 유판씨는 유유제약이 1962년... 현재는 황반변성, 신부전증, 아토피 치료제 등 동물 의약품 연구를 진행 중이다. 업계 관계자는 ""신약 개발...",2024-01-17 16:42:00+09:00,https://www.pinpointnews.co.kr/news/articleView.html?idxno=239139,https://www.pinpointnews.co.kr/news/articleView.html?idxno=239139
강아지아토피,"노바펫, '마이 펫 페어 2024' 참가","‘노바펫 수딩 미스트’[사진=노바펫] 노바펫은 아토피 및 면역 치료제 신약 개발 회사인... 또한 반려인들과 반려동물이 함께 즐기는 세미나, 강아지놀이터가 마련되어 있으며 미로탈출, 기다리기, 달리기 등의...",2024-01-11 15:26:00+09:00,http://www.joynews24.com/view/1675332,http://www.joynews24.com/view/1675332
강아지아토피,"노바펫, 노바펫 수딩 미스트로 '마이 펫 페어 2024' 참가","노바펫 노바펫은 아토피 및 면역 치료제 신약 개발 회사인 노바셀테크놀로지가 독자 개발한 글로벌 특허... 또한 반려인들과 반려동물이 함께 즐기는 세미나, 강아지놀이터가 마련되어 있으며 미로탈출, 기다리기...",2024-01-11 14:51:00+09:00,http://www.newspim.com/news/view/20240111000770,http://www.newspim.com/news/view/20240111000770
강아지아토피,"노바펫, 노바펫 수딩 미스트로 ‘마이 펫 페어 2024’ 참가","노바펫은 아토피 및 면역 치료제 신약 개발 회사인 노바셀테크놀로지가 독자 개발한 글로벌 특허 펩타이드... 또한 반려인들과 반려동물이 함께 즐기는 세미나, 강아지놀이터가 마련되어 있으며 미로탈출, 기다리기...",2024-01-11 09:32:00+09:00,https://www.bntnews.co.kr/article/view/bnt202401090053,https://www.bntnews.co.kr/article/view/bnt202401090053
강아지아토피,"[#스타트업-인터뷰] 의사가 창업한 그라스메디 ""반려동물 건강 챙긴다""","자유펫은 고양이·강아지 전용 치약, 칫솔 등을 비롯해 특허 성분을 함유한 연고형 보습제, 비건 소재 미스트... 알러시정질환, 아토피성질환만 60%에 달한다. 그런데 피부 알러지 치료제는 사람용만 있다. 조이티스가...",2023-12-26 17:00:00+09:00,http://www.sisajournal-e.com/news/articleView.html?idxno=306543,http://www.sisajournal-e.com/news/articleView.html?idxno=306543
강아지아토피,"""피부병 이긴 고양이 모성애""…크리스마스 기적 올까[가족의 발견(犬)]",정밀 검사 결과 하랑이의 피부는 다행히 악성이 아닌 심한 아토피성 피부염으로 확인됐다. 병원에서는... 고양이들이 모두 강아지처럼 애교가 많은 '개냥이'라 입양도 잘 갔다고 단체 관계자가 전했다. 길냥이와 동고동락...,2023-12-24 15:09:00+09:00,https://n.news.naver.com/mnews/article/421/0007251922?sid=102,https://www.news1.kr/articles/5270739
강아지아토피,어린 시절부터 반려동물 키우면 커서 '이것' 덜 느껴,"강아지나 말, 돼지 등과 같은 동물들은 수 세기 동안 사람의 여러 가지 건강 상태를 치료하거나 관리하는... 어릴 때부터 개나 고양이 2마리 이상과 함께 살아 온 아이들이 그렇지 않은 아이들에 비해 아토피성 피부염...",2023-12-16 12:02:00+09:00,https://www.hidoc.co.kr/healthstory/news/C0000847622,https://www.hidoc.co.kr/healthstory/news/C0000847622
강아지아토피,[동물이 건강한 집] 강아지가 매일 이불에 몸을 비비는 이유 바로알기,"강아지마다 취향 차이가 있긴 하지만 많은 강아지들이 목욕 후 침대나 러그, 수건에 몸을 비빕니다. 또 산책... 건강 문제(알레르기, 아토피 등) 몸에 이물도 없는데 비비는 행위가 만성적으로 이어진다면, 알레르기 혹은...",2023-12-06 09:01:00+09:00,https://n.news.naver.com/mnews/article/469/0000773891?sid=103,https://www.hankookilbo.com/News/Read/A2023120416490004181?did=NA
강아지아토피,가난과 불안에 마음 챙기는 건 사치… 다 부서져도 알아채지 못한다[당...,"집 안은 강아지 배설물과 먹다 남은 음식 쓰레기로 뒤덮였고 악취가 코를 찔렀다. 아토피가 심한 초등학교 3학년 딸은 피가 나도록 온몸을 긁어 상처투성이 상태였고, 잦은 결석과 지각으로 유급될 위기였다. 먹고사는...",2023-12-05 05:03:00+09:00,https://n.news.naver.com/mnews/article/081/0003413869?sid=102,https://www.seoul.co.kr/news/newsView.php?id=20231205005002&wlog_tag3=naver
강아지아토피,겨울철 반려동물 피부 관리의 중요성 [임용환 수의사 반∙동∙건 칼럼],다음으로 많이 나타나는 질환은 아토피이다. 강아지에게 흔히 나타나는 알레르기성 피부염으로 귀나 얼굴 등 넓은 범위나 팔꿈치처럼 접히는 부분에서 발생할 수 있다. 아토피 피부염의 원인은 다양하지만 크게 3가지로...,2023-12-01 11:22:00+09:00,http://www.healthinnews.co.kr/news/articleView.html?idxno=42777,http://www.healthinnews.co.kr/news/articleView.html?idxno=42777
강아지아토피,"[집중취재] 항공업계, '펫 휴머니제이션' 트렌드에 반려동물 마케팅 활...","어디에 우리 강아지 맡겨야 하나 걱정할 수 밖에 없는데, 김포공항 내에 반려동물을 맡길 수 있는 호텔링... 치료제, 아토피 신약 등도 개발하고 있습니다. 【 앵커멘트 】 반려동물 인구가 늘어나면서 관련 산업군도...",2023-11-30 16:32:00+09:00,http://mbnmoney.mbn.co.kr/news/view?news_no=MM1005097935,http://mbnmoney.mbn.co.kr/news/view?news_no=MM1005097935
강아지아토피,"식물성 다래 추출물, 알레르기 질환 개선 희망적인 소재로 주목","이에 ‘식물성 다래추출물’은 각종 알레르기성 비염, 두드러기, 아토피 피부염, 집먼지 진드기, 강아지 고양이 털 등 면역글로불린E에 의한 각종 알레르기 질환 환자들에게 새로운 희망의 빛으로 자리잡게 될 것으로...",2023-11-29 10:10:00+09:00,http://www.fashionbiz.co.kr/TN/?cate=2&recom=2&idx=204156,http://www.fashionbiz.co.kr/TN/?cate=2&recom=2&idx=204156
강아지아토피,"대웅제약, 반려동물 당뇨관리 시장에 '사활'","이탈리아 볼로냐 수의과대학은 최근 당뇨병에 걸린 강아지 10마리, 고양이 20마리에 프리스타일 리브레를... 대웅펫은 현재 당뇨병 치료제 외에도 반려동물용 아토피 신약을 개발하고 '베터빌' 등 국내 최대 수의사...",2023-11-24 07:31:00+09:00,https://n.news.naver.com/mnews/article/648/0000021267?sid=103,http://news.bizwatch.co.kr/article/mobile/2023/11/21/0017
강아지아토피,"[동물이 건강한 집] 강아지 피부가 촉촉해요, 발바닥 외 피부에서도 땀...","이는 강아지 아토피가 아직 다 낫지 않았다고 할 수 있는데요. 강아지 아토피란 여러 *알러젠들(식이 문제, 환경)에 의해 피부에 과민반응이 나타나는 것입니다. 유전적인 경우도 있고 외부 알러젠에 의해 *면역글로불린이...",2023-11-22 09:01:00+09:00,https://n.news.naver.com/mnews/article/469/0000771534?sid=103,https://www.hankookilbo.com/News/Read/A2023112117340005572?did=NA
강아지아토피,고양이 피부 알레르기 검사가 필요한 이유,"강아지와 비교해서 고양이는 무척 깔끔한 동물이기 때문에 피부병의 빈도가 높지는 않습니다.다만 피부병이 있다면... 알레르기, 아토피가 동반된 경우가 많은데요.우리 아이가 반복적으로 피부를 가려워하거나 붉게...",2023-11-21 11:02:00+09:00,http://www.notepet.co.kr/news/article/article_view/?idx=29382&groupCode=AB400AD939,http://www.notepet.co.kr/news/article/article_view/?idx=29382&groupCode=AB400AD939
강아지아토피,"코끼리처럼 퉁퉁 부어버린 강아지 다리, 원인은 아토피 [동물이 건강한...","강아지 아토피 원인 및 관리 방법에 대해 말씀드리겠습니다. 강아지 아토피 알아보기 아토피 피부염은 외부 자극으로부터 피부를 건강하게 보호하는 '피부 장벽'의 유전적인 결함으로 인해, 피부가 염증에 취약해져서...",2023-11-15 15:01:00+09:00,https://n.news.naver.com/mnews/article/469/0000770402?sid=103,https://www.hankookilbo.com/News/Read/A2023111314400005719?did=NA
강아지아토피,가려움증 유발하는 강아지 아토피 피부염 관리 방법은?,"이에 관해 24시 수동물병원 원수복 원장은 “강아지 아토피 피부염은 주로 눈 주변, 귀, 입, 다리, 배, 항문 등에 나타난다. 심한 가려움증 때문에 염증이 발생한 부위를 긁고, 깨물기도 한다”며 “피부에 과한 자극을 가하면...",2023-11-13 17:16:00+09:00,https://mdtoday.co.kr/news/view/1065600231293929,https://mdtoday.co.kr/news/view/1065600231293929
강아지아토피,"[카드뉴스] 강아지 아토피 피부, 고민이 깊어질 땐?",,2023-11-06 05:56:00+09:00,https://www.kpanews.co.kr/article/show.asp?idx=246249&category=B,https://www.kpanews.co.kr/article/show.asp?idx=246249&category=B
강아지아토피,"[반려동물 건강이야기] 흔하디흔한 외이염치료, 원인 먼저 알아야 해요...","특히 몰티즈, 시츄, 닥스훈트, 코커스패니얼, 페키니즈 등과 같이 귓바퀴가 커서 이도를 덮고 있는 강아지들... 우선 병력상 알레르기나 아토피 소인이 있는지, 피부 발가락, 눈 주변 등 다른 부위에 염증이 동반됐는지...",2023-11-03 15:38:00+09:00,http://www.k-health.com/news/articleView.html?idxno=68010,http://www.k-health.com/news/articleView.html?idxno=68010
강아지아토피,"""日 반려동물 의약품 수요 증가…민관 협력해야 시장 성장""","특히 가족으로 자리 잡은 강아지, 고양이의 질병 치료와 건강 관리를 위한 항균제와 구충제는 물론 아토피 치료제와 심장·신장 치료제 시장도 확장세를 보이고 있다. 노리오 쿠마가이 부국장은 ""예전에는 인체용의약품...",2023-11-01 18:59:00+09:00,https://n.news.naver.com/mnews/article/421/0007148416?sid=101,https://www.news1.kr/articles/5218085
강아지아토피,"보험업계, 유기동물 지원-팝업스토어 운영 등 반려가구 공략","구체적으로 강아지는 다빈도 질환인 슬개골 탈구, 알러지 또는 아토피(만성피부염)뿐 아니라 만성외이염, 결석, 방광염, 모낭충, 건성각결막염(안구건조증), 백내장, 녹내장, 고관절 이형성증, 대퇴골두 무혈성 괴사...",2023-10-30 18:28:00+09:00,http://www.wsobi.com/news/articleView.html?idxno=219322,http://www.wsobi.com/news/articleView.html?idxno=219322
강아지아토피,"어반포즈, 영양제 결합 덴탈껌 닥터뉴트리코어 신제품 출시",두 번째 라인업인 닥터뉴트리코어 하이포알러지 500Da는 아토피-알레르기가 있는 강아지들에게도 안심하고 급여할 수 있도록 500달톤 이하로 가수분해한 새우를 단백질원으로 사용한 게 특징이다. 식이 알레르기는...,2023-10-30 16:56:00+09:00,http://www.globalepic.co.kr/view.php?ud=202310301644578792fc972062d0_29,http://www.globalepic.co.kr/view.php?ud=202310301644578792fc972062d0_29
강아지아토피,"""신약 개발·수출만이 살 길""…대웅펫 이끄는 쌍두마차[펫피플]","오는 2026년까지 세계 최초 동물용 엑소좀(세포외 소포체의 일종) 신약을 개발해 아토피, 퇴행성 관절염... 타향살이 시절, 그에게 강아지는 가족 이상의 존재였다고. 그는 창업을 하고 치열한 삶도 경험했다. 남들이 쉽게...",2023-10-26 06:00:00+09:00,https://n.news.naver.com/mnews/article/421/0007134019?sid=101,https://www.news1.kr/articles/5209318
강아지아토피,"[유통가 레이더] 디지털 전환 속도 내는 한샘, '홈퍼니싱 서비스' 론칭 ...","아토피, 새집증후군 원인 물질과 세균, 바이러스, 곰팡이는 물론 각종 유해가스와 생활냄새까지 집중... 산책을 마친 봉사단원들은 보호소 운영에 도움을 드리고자 직접 준비한 강아지 전용 장난감과 청소용품 등을...",2023-10-23 10:21:00+09:00,http://www.greened.kr/news/articleView.html?idxno=307671,http://www.greened.kr/news/articleView.html?idxno=307671
강아지아토피,"""부르는 게 값""…동물병원 진료비 요지부동","이 밖에 아토피성 피부염, 결막염, 백내장, 골절, 혈토·혈변 치료, 발치와 스케일링을 할 때도 감세 혜택을... 키우던 강아지가 아파서 병원을 갔는데 진료비와 검사비가 7만5000원이 나왔다. 약값만 4만원이라는데 그냥...",2023-10-19 16:46:00+09:00,https://www.asiatoday.co.kr/view.php?key=20231019010010221,https://www.asiatoday.co.kr/view.php?key=20231019010010221
강아지아토피,제53호 A-벤처스로 그라스메디 선정,"최진식 대표는 ""반려동물 맞춤형 임상연구 결과를 토대로 국내를 넘어 2030년 세계 10위권 동물 제약회사로 도약하고자 한다""며 ""내년 하반기 강아지 아토피 치료제를 시작으로 다양한 반려동물 전용 의약품을 선보이며...",2023-10-11 12:14:00+09:00,http://www.aflnews.co.kr/news/articleView.html?idxno=256746,http://www.aflnews.co.kr/news/articleView.html?idxno=256746
강아지아토피,'켁켁 감기주의보 '긁긁' 각질주의보 [Weekend 반려동물],"감기에 걸린 강아지는 콧물과 눈물이 많아지고, 재채기와 기침, 식욕, 기력 저하 등 증상을 보인다. 고양이도... 또 피부 노화나 습진, 아토피 등 피부질환, 간이나 갑상선, 신장병 등 전신질환이 영향을 미칠 수 있다....",2023-10-06 04:01:00+09:00,https://n.news.naver.com/mnews/article/014/0005082083?sid=103,http://www.fnnews.com/news/202310051828101039
강아지아토피,"'냥이 집사'되려다...호흡곤란 죽을 뻔한 美여성, 왜?","음식, 약물, 동물털, 곤충 알레르기를 비롯 비염, 두드러기, 아토피 피부염 등이다. 동물털 알레르기는 특정... 고양이와 강아지 털뿐만 아니라 꽃가루, 집먼지 진드기도 면역치료 대상이며 일반적으로 치료는 3~5년 걸린다.",2023-10-05 17:11:00+09:00,https://n.news.naver.com/mnews/article/296/0000070189?sid=103,https://kormedi.com/?p=1626295
강아지아토피,'환절기 감기 조심' 우리 댕냥이 가을철 건강 관리법은 [weekend 반려동물...,"감기에 걸린 강아지는 콧물과 눈물이 많아지고, 재채기와 기침, 식욕, 기력 저하 등 증상을 보인다. 고양이도... 또 피부 노화나 습진, 아토피 등 피부질환, 간이나 갑상선, 신장병 등 전신질환이 영향을 미칠 수 있다....",2023-10-05 10:37:00+09:00,https://n.news.naver.com/mnews/article/014/0005081561?sid=103,http://www.fnnews.com/news/202310050930534331
강아지아토피,이달의 에이-벤처스에 '그라스메디' 선정,"그라스메디 최진식 대표는 ""반려동물 맞춤형 임상연구 결과를 토대로 국내를 넘어 2030년 세계 10위권 동물 제약회사로 도약하고자 한다""며, ""내년 하반기 강아지 아토피 치료제를 시작으로 다양한 반려동물 전용 의약품을...",2023-10-01 23:48:00+09:00,http://www.youngnong.co.kr/news/articleView.html?idxno=44161,http://www.youngnong.co.kr/news/articleView.html?idxno=44161
강아지아토피,‘9월의 A-벤처스’에 펫테크 전문기업 ‘그라스메디’ 선정,최진식 그라스메디 대표는 “반려동물 맞춤형 임상연구 결과를 토대로 국내를 넘어 2030년 세계 10위권 동물 제약회사로 도약하고자 한다”며 “내년 하반기 강아지 아토피 치료제를 시작으로 다양한 반려동물 전용...,2023-09-30 06:01:00+09:00,https://n.news.naver.com/mnews/article/662/0000029334?sid=102,https://www.nongmin.com/article/20230927500266
강아지아토피,다음달부터 반려동물 진료비 부가세 면제 확대된다,"수의사가 강아지를 진찰하는 모습. 사진=픽사베이  다음달부터 반려동물 진료 시 다빈도 진료항목 100여 개에... 또한 외이염, 아토피성 피부염, 결막염, 무릎뼈 탈구 수술, 발치, 스케일링 등 진료 분야별 다빈도 질병이...",2023-09-29 15:02:00+09:00,https://www.thekpm.com/news/articleView.html?idxno=175397,https://www.thekpm.com/news/articleView.html?idxno=175397
강아지아토피,"농식품부, 53호 A-벤처스로 그라스메디 선정","최진식 그라스메디 대표는 ""반려동물 맞춤형 임상연구 결과를 토대로 국내를 넘어 2030년 세계 10위권 동물 제약회사로 도약하고자 한다""며 ""내년 하반기 강아지 아토피 치료제를 시작으로 다양한 반려동물 전용 의약품을...",2023-09-29 14:18:00+09:00,https://www.thekpm.com/news/articleView.html?idxno=175395,https://www.thekpm.com/news/articleView.html?idxno=175395
강아지아토피,문경 '그라스메디' 농식품부 우수 벤처창업기업 선정,"최진식 그라스메디 대표는 ""반려동물 맞춤형 임상 연구 결과를 토대로 국내를 넘어 2030년 세계 10위권 동물 제약회사로 도약하고자 한다""라며 ""내년 하반기 강아지 아토피 치료제를 시작으로 다양한 반려동물 전용...",2023-09-27 20:44:00+09:00,https://www.idaegu.co.kr/news/articleView.html?idxno=435215,https://www.idaegu.co.kr/news/articleView.html?idxno=435215
강아지아토피,"농식품부,제53호 A-벤처스로 그라스메디 선정","국내를 넘어 2030년 세계 10위권 동물 제약회사로 도약하고자 한다""라고 밝히며, ""내년 하반기 강아지 아토피 치료제를 시작으로 다양한 반려동물 전용 의약품을 선보이며 국내 선도 그룹으로 자리매김하겠다.""라고 말했다.",2023-09-27 11:10:00+09:00,http://www.metroseoul.co.kr/article/20230927500087,http://www.metroseoul.co.kr/article/20230927500087
강아지아토피,"농식품부, 53호 A-벤처스에 동물의약품 생산 '그라스메디' 선정",최진식 그라스메디 대표는 “반려동물 맞춤형 임상연구 결과를 토대로 국내를 넘어 2030년 세계 10위권 동물 제약회사로 도약하고자 한다”면서 “내년 하반기 강아지 아토피 치료제를 시작으로 다양한 반려동물 전용...,2023-09-27 06:45:00+09:00,https://n.news.naver.com/mnews/article/016/0002203616?sid=101,http://news.heraldcorp.com/view.php?ud=20230927000025
강아지아토피,반려동물 맞춤형 의약품 '그라스메디'…제53호 에이-벤처스 선정,"최진식 그라스메디 대표는 ""반려동물 맞춤형 임상연구 결과를 토대로 국내를 넘어 2030년 세계 10위권 동물 제약회사로 도약하고자 한다""며 ""내년 하반기 강아지 아토피 치료제를 시작으로 다양한 반려동물 전용 의약품을...",2023-09-27 06:00:00+09:00,https://n.news.naver.com/mnews/article/008/0004943425?sid=101,http://news.mt.co.kr/mtview.php?no=2023092704125843108
강아지아토피,"[마이펫페어] 노바펫, 반려동물 트러블 케어 솔루션 노바펫 수딩 미스트...","반려동물 가려움증 개선/ 아토피 증상개선 국제공인 시험을 받은 반려동물 피부진정/관리 스킨케어... 노바펫 대표는 “키우는 강아지가 피부 트러블과 가려움증 재발이 심한 편인데, 나와 같은 고민이 있는...",2023-09-25 13:59:00+09:00,https://n.news.naver.com/mnews/article/030/0003139845?sid=103,https://www.etnews.com/20230925000222
강아지아토피,"하이독, 말고기 LID 강아지알러지사료 ‘알러컷 홀스’ 출시",조한울 하이독 대표는 “패스트푸드 같은 초가공사료와 초가공간식 위주의 식습관으로 인해 알러지 및 아토피로 고생하는 수많은 강아지들을 보며 드는 안타까운 마음을 담아 사람도 먹을 수 있는 고품질 원재료로...,2023-09-18 11:56:00+09:00,https://www.cooknchefnews.com/news/view/1065581576500441,https://www.cooknchefnews.com/news/view/1065581576500441
강아지아토피,"KB·DB손보, 치료비 보장 펫보험 잇단 출시","슬개골 탈구, 알러지 및 아토피(만성피부염), 치주질환질병이 있는 강아지나 고양이도 가입할 수 있도록 했다. KB손보는 지난 6월 업계 처음으로 자기부담금을 없앤 펫보험을 선보인 이후 치료비 보장 비율을 업계 최고...",2023-09-17 18:05:00+09:00,https://n.news.naver.com/mnews/article/029/0002825751?sid=101,https://www.dt.co.kr/contents.html?article_no=2023091802100963084001&ref=naver
강아지아토피,"박수홍♥김다예 ""2세 준비 중…고양이와 함께 살아도 상관없다""","윤샘은 ""마지막으로 털에 대한 알러지 반응""이라며 ""실제로 어린 아이가 고양이나 강아지와 같이 살았을 경우 아이가 크면서 6, 7살이 됐을때 아토피에 걸릴 확률이 2분의 1로 떨어진다. 반려동물과 함께 키우는 것이 훨씬...",2023-09-13 18:49:00+09:00,https://m.entertain.naver.com/article/003/0012088336,http://www.newsis.com/view/?id=NISX20230913_0002449461&cID=10601&pID=10600
강아지아토피,"박수홍♥김다예 ""2세 준비 중, 고양이와 함께 살아도 전혀 상관없다"" ('...","곰팡이 질환은 다홍이가 걸릴 가능성이 전혀 없다""면서 ""털에 대한 알러지 반응도 실제로 어린 아이가 고양이나 강아지와 같이 살았을 경우 아이가 크면서 6, 7살이 됐을 때 아토피에 걸릴 확률이 1/2로 떨어진다. 훨씬 좋고...",2023-09-13 18:03:00+09:00,https://m.entertain.naver.com/article/076/0004055301,https://www.sportschosun.com/entertainment/2023-09-13/202309140100102640012995
강아지아토피,박수홍♥김다예 “아이를 준비하고 있다” 2세 계획 밝혀.. 반려묘 다홍...,"마지막으로 털에 대한 알레르기 반응인데, 실제로 어린아이가 고양이, 강아지랑 같이 살았을 경우 아이가 6~7살이 됐을 때 아토피에 걸릴 확률이 2분의 1로 떨어진다”라고 설명했다. 또한 “(반려동물과 함께 키우는 것이)...",2023-09-13 17:33:00+09:00,https://m.entertain.naver.com/article/468/0000980153,https://www.sportsseoul.com/news/read/1348728?ref=naver
강아지아토피,"박수홍♥김다예, 임신 준비중 ""고양이와 생활, 아이한테 안좋다?"" 전문가...","마지막으로 털에대한 알러지 반응인데 실제로 어린 아이가 고양이나 강아지와 같이 살았을 경우 아이가 크면서 6, 7살이 됐을때 아토피에 걸릴 확률이 1/2로 떨어진다. 훨씬 좋고 정시서적으로 좋고 기본적으로 아이큐가...",2023-09-13 17:00:00+09:00,https://m.entertain.naver.com/article/109/0004926267,http://www.osen.co.kr/article/G1112182200
강아지아토피,"박수홍♥김다예, 2세 준비 중…""아이? 고양이와 같이 살아도 문제없어""","곰팡이 질환은 다홍이가 걸릴 가능성이 전혀 없다""라며 ""털에 대한 알레르기 반응은 실제로 어린아이가 고양이나 강아지와 같이 살았을 경우 아이가 크면서 6~7살이 됐을 때 아토피에 걸릴 확률이 1/2로 떨어진다""라고...",2023-09-13 16:58:00+09:00,http://www.topstarnews.net/news/articleView.html?idxno=15395060,http://www.topstarnews.net/news/articleView.html?idxno=15395060
강아지아토피,"2세 준비 중, 박수홍♥김다예 “고양이 임신에 장애물 NO”(다홍)",아울러 윤샘은 “털에 대한 알러지 반응은 실제로 어린 아이가 고양이랑 강아지랑 같이 살았을 경우 아이가 크면서 6~7살이 됐을 때 아토피에 걸릴 확률이 1/2로 떨어진다”라며 설명했다. 또한 윤샘은 임신을 계획 중인...,2023-09-13 16:55:00+09:00,https://m.entertain.naver.com/article/609/0000771364,https://www.newsen.com/news_view.php?uid=202309131635230510
강아지아토피,"박수홍♥김다예, 임신 준비중 ""고양이와 지내면 문제? 걱정 안해도 돼""...","이어 ""마지막으로 털에 대한 알러지 반응인데 실제로 어린 아이가 고양이랑 강아지랑 같이 살았을 경우 아이가 크면서 6~7살이 됐을 때 아토피에 걸릴 확률이 1/2로 떨어진다""고 덧붙였다. 그러면서 ""임신을 계획 중이라면...",2023-09-13 15:55:00+09:00,https://m.entertain.naver.com/article/112/0003653214,http://biz.heraldcorp.com/view.php?ud=202309131515475881179_1
강아지아토피,"제약바이오, 신약개발 반려견까지 확장… 캐시카우로 키운다","뇌전증은 전체 개(강아지)의 0.5~5%가 앓고 있는 질환이다. 뇌신경세포의 과활성으로 경련, 운동이상... 큐라클은 반려견 신부전, 아토피 등 난치성질환 치료제 개발에 집중하고 있다. 특히 신부전 관련...",2023-09-13 11:10:00+09:00,https://biz.newdaily.co.kr/site/data/html/2023/09/13/2023091300093.html,https://biz.newdaily.co.kr/site/data/html/2023/09/13/2023091300093.html
강아지아토피,'들쑥날쑥' 동물병원 진료비···면세 확대 '환영' 과세용역은 '글쎄',"아토피성 피부염, 결막염, 백내장, 골절, 혈토·혈변 치료, 발치, 스케일링 등도 감세 혜택 범위 안에... 반려동물 보호자인 A씨는 ""강아지를 데리고 여러 동물병원에 가봤는데 똑같은 진료인데도 병원마다 진료비 차이가...",2023-09-12 14:30:00+09:00,http://www.enewstoday.co.kr/news/articleView.html?idxno=2037618,http://www.enewstoday.co.kr/news/articleView.html?idxno=2037618
강아지아토피,"하이독, 말고기 단일 육류 강아지알러지사료 '알러컷 홀스' 선봬","조한울 하이독 대표는 ""패스트푸드 같은 초가공사료와 초가공간식 위주의 식습관으로 인해 알러지 및 아토피로 고생하는 수많은 강아지들을 보며 드는 안타까운 마음을 담아 사람도 먹을 수 있는 고품질 원재료로...",2023-09-11 16:20:00+09:00,http://www.thefirstmedia.net/news/articleView.html?idxno=126742,http://www.thefirstmedia.net/news/articleView.html?idxno=126742
강아지아토피,"하이독, 말고기 LID 강아지알러지사료 '알러컷 홀스' 출시","조한울 하이독 대표는 ""패스트푸드 같은 초가공사료와 초가공간식 위주의 식습관으로 인해 알러지 및 아토피로 고생하는 수많은 강아지들을 보며 드는 안타까운 마음을 담아 사람도 먹을 수 있는 고품질 원재료로...",2023-09-11 08:36:00+09:00,http://www.pharmnews.com/news/articleView.html?idxno=230337,http://www.pharmnews.com/news/articleView.html?idxno=230337
강아지아토피,“아픈 강아지와 고양이도 가입할 수 있다”,구체적으로 강아지는 ▲슬개골 탈구 ▲알러지 또는 아토피(만성피부염) ▲만성외이염 ▲결석 ▲방광염 ▲모낭충 ▲건성각결막염(안구건조증) ▲백내장 ▲녹내장 ▲고관절 이형성증 ▲대퇴골두 무혈성 괴사...,2023-09-11 00:04:00+09:00,http://www.insnews.co.kr/design_php/news_view.php?num=75766&firstsec=1&secondsec=13,http://www.insnews.co.kr/design_php/news_view.php?num=75766&firstsec=1&secondsec=13
강아지아토피,"KB손보, 펫보험 활성화 박차…'유병 반려동물도 OK'","구체적으로 강아지는 다빈도 질환인 슬개골 탈구, 알러지 또는 아토피(만성피부염)뿐 아니라 만성외이염, 결석, 방광염, 모낭충, 건성각결막염(안구건조증), 백내장, 녹내장, 고관절 이형성증, 대퇴골두 무혈성 괴사...",2023-09-08 08:18:00+09:00,http://www.hansbiz.co.kr/news/articleView.html?idxno=662930,http://www.hansbiz.co.kr/news/articleView.html?idxno=662930
강아지아토피,"[화보] 미스코리아 김담희 ""반려견에 대한 책임감 되새기고 유기견 입양...","짧은 시간이지만 교감을 나눈 강아지들을 다시 보러 오고 싶다""라고 전했다. 또한 김담희는 자신에 대해서는... 한편 노바펫은 아토피 및 면역치료제 신약개발회사의 독자적인 글로벌 특허 펩타이드를 사용해 만든...",2023-09-07 16:26:00+09:00,https://www.bntnews.co.kr/article/view/bnt202309070085,https://www.bntnews.co.kr/article/view/bnt202309070085
강아지아토피,"[화보] 미스코리아 김담희, 반려견 명월&만월과 함께 촬영한 화보 공개","짧은 시간이지만 교감을 나눈 강아지들을 다시 보러 오고 싶다""라고 전했다. 또한 김담희는 자신에 대해서는... 한편 노바펫은 아토피 및 면역치료제 신약개발회사의 독자적인 글로벌 특허 펩타이드를 사용해 만든...",2023-09-07 16:24:00+09:00,https://www.bntnews.co.kr/article/view/bnt202309070084,https://www.bntnews.co.kr/article/view/bnt202309070084
강아지아토피,"KB손해보험, 펫보험 시장 활성화 선도···""아픈 댕댕이도 '부담보' 가...","구체적으로 강아지는 다빈도 질환인 슬개골 탈구, 알러지 또는 아토피(만성피부염)뿐 아니라 만성외이염, 결석, 방광염, 모낭충, 건성각결막염(안구건조증), 백내장, 녹내장, 고관절 이형성증, 대퇴골두 무혈성 괴사...",2023-09-07 11:19:00+09:00,http://www.greened.kr/news/articleView.html?idxno=306373,http://www.greened.kr/news/articleView.html?idxno=306373
강아지아토피,"KB손해보험, ​​'KB 금쪽같은 펫보험'에 부담보 인수 신설… 인수 기준...","강아지가 부담보로 가입 가능한 질환은 다빈도 질환인 슬개골 탈구, 알러지 또는 아토피(만성피부염)뿐 아니라 만성외이염, 결석, 방광염, 모낭충, 건성각결막염(안구건조증), 백내장, 녹내장, 고관절 이형성증, 대퇴골두...",2023-09-07 08:34:00+09:00,http://www.biztribune.co.kr/news/articleView.html?idxno=291288,http://www.biztribune.co.kr/news/articleView.html?idxno=291288
강아지아토피,“아픈 강아지도 가입할 수 있다”… 펫보험 활성화 위해 문턱 낮춘 KB손...,"구체적으로 강아지는 다빈도 질환인 슬개골 탈구, 알러지 또는 아토피(만성피부염)뿐 아니라 만성외이염, 결석, 방광염, 모낭충, 건성각결막염(안구건조증), 백내장, 녹내장, 고관절 이형성증, 대퇴골두 무혈성 괴사...",2023-09-07 06:02:00+09:00,https://n.news.naver.com/mnews/article/123/0002315052?sid=101,http://www.joseilbo.com/news/news_read.php?uid=496935&class=18&grp=
강아지아토피,"반려동물 유산균 시장, 신성장동력 발판 될까","국내외 다수의 연구에 따르면 아토피 등의 피부 질환, 장 질환 및 비만 환자들에게는 정상인에 비해... '일동펫 비오비타 시리즈'는 강아지용과 고양이용으로 나뉘어 있으며, 유산균, 소화균, 낙산균 등 총 12종의...",2023-09-07 05:34:00+09:00,http://www.dailypharm.com/Users/News/NewsView.html?ID=303210&REFERER=NP,http://www.dailypharm.com/Users/News/NewsView.html?ID=303210&REFERER=NP
강아지아토피,"KB손해보험, 부담보 인수 'KB금쪽같은 펫보험' 인수 기준 완화","구체적으로 강아지는 다빈도 질환인 슬개골 탈구, 알러지 또는 아토피(만성피부염)뿐 아니라 만성외이염, 결석, 방광염, 모낭충, 건성각결막염(안구건조증), 백내장, 녹내장, 고관절 이형성증, 대퇴골두 무혈성 괴사...",2023-09-06 18:50:00+09:00,http://www.sisacast.kr/news/articleView.html?idxno=44898,http://www.sisacast.kr/news/articleView.html?idxno=44898
강아지아토피,"KB손해보험, ‘금쪽같은 펫보험’ 인수 기준 완화",강아지는 △다빈도 질환인 슬개골 탈구 △알러지 또는 아토피(만성피부염) △만성외이염 △결석 △방광염 △모낭충 △건성각결막염(안구건조증) △백내장 △녹내장 △고관절 이형성증 △대퇴골두 무혈성 괴사...,2023-09-06 17:50:00+09:00,https://www.ceoscoredaily.com/page/view/2023090617362572710,https://www.ceoscoredaily.com/page/view/2023090617362572710
강아지아토피,"KB손해보험, 펫보험 '부담보 인수' 신설…가입 제한 줄인다","구체적으로 강아지는 다빈도 질환인 슬개골 탈구, 알러지 또는 아토피(만성피부염)뿐 아니라 만성외이염, 결석, 방광염, 모낭충, 건성각결막염(안구건조증), 백내장, 녹내장, 고관절 이형성증, 대퇴골두 무혈성 괴사...",2023-09-06 17:04:00+09:00,http://www.consumuch.com/news/articleView.html?idxno=61395,http://www.consumuch.com/news/articleView.html?idxno=61395
강아지아토피,"KB손보, 펫보험 활성화에 앞장…""아픈 강아지도 가입된다""","강아지는 다빈도 질환인 슬개골 탈구, 알러지 또는 아토피(만성피부염)뿐 아니라 만성외이염, 결석, 방광염, 모낭충, 건성각결막염(안구건조증), 백내장, 녹내장, 고관절 이형성증, 대퇴골두 무혈성 괴사, 심장사상충 등...",2023-09-06 16:38:00+09:00,https://www.apnews.kr/news/articleView.html?idxno=3012416,https://www.apnews.kr/news/articleView.html?idxno=3012416
강아지아토피,"[보험 풍향계] KB손해보험, 유병력 반려동물도 펫보험 가능","강아지는 다빈도 질환인 슬개골 탈구, 알러지 또는 아토피(만성피부염)뿐 아니라 만성외이염, 결석, 방광염, 모낭충, 건성각결막염(안구건조증), 백내장, 녹내장, 고관절 이형성증, 대퇴골두 무혈성 괴사, 심장사상충...",2023-09-06 16:34:00+09:00,http://www.g-enews.com/ko-kr/news/article/news_all/202309061612169157e30fcb1ba8_1/article.html,http://www.g-enews.com/ko-kr/news/article/news_all/202309061612169157e30fcb1ba8_1/article.html
강아지아토피,KB손해보험 'KB 금쪽같은 펫보험' 인수 기준 완화,"구체적으로 강아지는 다빈도 질환인 슬개골 탈구, 알러지 또는 아토피(만성피부염)뿐 아니라 만성외이염, 결석, 방광염, 모낭충, 건성각결막염(안구건조증), 백내장, 녹내장, 고관절 이형성증, 대퇴골두 무혈성 괴사...",2023-09-06 16:16:00+09:00,http://www.wsobi.com/news/articleView.html?idxno=213383,http://www.wsobi.com/news/articleView.html?idxno=213383
강아지아토피,"KB손보 ""아픈 강아지도 보험 가입할 수 있어요""","구체적으로 강아지는 다빈도 질환인 슬개골 탈구, 알러지 또는 아토피(만성피부염)뿐 아니라 만성외이염, 결석, 방광염, 모낭충, 건성각결막염(안구건조증), 백내장, 녹내장, 고관절 이형성증, 대퇴골두 무혈성 괴사...",2023-09-06 16:05:00+09:00,https://n.news.naver.com/mnews/article/003/0012073748?sid=101,http://www.newsis.com/view/?id=NISX20230906_0002440443&cID=15001&pID=15000
강아지아토피,"“아픈 댕댕이도 가입 가능”…KB손보, 펫보험 인수 기준 완화","구체적으로 강아지는 다빈도 질환인 슬개골 탈구, 알레르기 또는 아토피(만성피부염)뿐 아니라 만성외이염, 결석, 방광염, 모낭충, 건성각결막염(안구건조증), 백내장, 녹내장, 고관절 이형성증, 대퇴골두 무혈성 괴사...",2023-09-06 15:58:00+09:00,https://n.news.naver.com/mnews/article/421/0007033207?sid=101,https://www.news1.kr/articles/5163068
강아지아토피,"KB손보, 아픈 반려동물도 가입할 수 있는 보험 확대","구체적으로 강아지는 다빈도 질환인 슬개골 탈구, 알러지 또는 아토피(만성피부염)뿐 아니라 만성외이염, 결석, 방광염, 모낭충, 건성각결막염(안구건조증), 백내장, 녹내장, 고관절 이형성증, 대퇴골두 무혈성 괴사...",2023-09-06 15:57:00+09:00,https://n.news.naver.com/mnews/article/050/0000068072?sid=101,https://magazine.hankyung.com/business/article/202309068605b
강아지아토피,"KB손보, 부담보 인수 신설로 펫보험 가입 문턱 낮춰","이번 부담보 인수 신설로 강아지는 다빈도 질환인 슬개골 탈구, 알러지 또는 아토피(만성피부염)뿐만 아니라 만성외이염, 결석, 방광염, 모낭충, 건성각결막염(안구건조증), 백내장, 녹내장, 고관절 이형성증, 대퇴골두...",2023-09-06 15:42:00+09:00,https://www.pinpointnews.co.kr/news/articleView.html?idxno=215540,https://www.pinpointnews.co.kr/news/articleView.html?idxno=215540
강아지아토피,"""아픈 댕댕이도 OK"" KB손보, 펫보험 가입기준 완화","구체적으로 강아지는 다빈도 질환인 슬개골 탈구, 알러지 또는 아토피(만성피부염)뿐 아니라 만성외이염, 결석, 방광염, 모낭충, 건성각결막염(안구건조증), 백내장, 녹내장, 고관절 이형성증, 대퇴골두 무혈성 괴사...",2023-09-06 15:38:00+09:00,http://www.newswatch.kr/news/articleView.html?idxno=64673,http://www.newswatch.kr/news/articleView.html?idxno=64673
강아지아토피,"KB손해보험, 반려동물 '든든한 동반자' 자청…펫보험 인수 기준 완화","강아지는 다빈도 질환인 슬개골 탈구, 알러지 또는 아토피(만성피부염)뿐 아니라 만성외이염, 결석, 방광염, 모낭충, 건성각결막염(안구건조증), 백내장, 녹내장, 고관절 이형성증, 대퇴골두 무혈성 괴사, 심장사상충 등...",2023-09-06 15:30:00+09:00,https://www.newsquest.co.kr/news/articleView.html?idxno=210360,https://www.newsquest.co.kr/news/articleView.html?idxno=210360
강아지아토피,"'아픈 반려견도 OK'…KB손보, 펫보험 인수기준 완화","구체적으로 강아지는 다빈도 질환인 슬개골 탈구, 알러지 또는 아토피(만성피부염)뿐 아니라 만성외이염, 결석, 방광염, 모낭충, 건성각결막염(안구건조증), 백내장, 녹내장, 고관절 이형성증, 대퇴골두 무혈성 괴사...",2023-09-06 15:02:00+09:00,http://www.wikileaks-kr.org/news/articleView.html?idxno=142937,http://www.wikileaks-kr.org/news/articleView.html?idxno=142937
강아지아토피,"KB손보, 펫보험 인수 기준 완화…아픈 동물도 가입 가능","구체적으로 강아지는 다빈도 질환인 슬개골 탈구, 알러지 또는 아토피(만성피부염)뿐 아니라 만성외이염, 결석, 방광염, 모낭충, 건성각결막염(안구건조증), 백내장, 녹내장, 고관절 이형성증, 대퇴골두 무혈성 괴사...",2023-09-06 15:02:00+09:00,http://www.finomy.com/news/articleView.html?idxno=135730,http://www.finomy.com/news/articleView.html?idxno=135730
강아지아토피,"KB손해보험, 펫보험 '부담보 인수' 신설 ""아픈 강아지도 가입 가능""","구체적으로 강아지는 다빈도 질환인 슬개골 탈구, 알러지 또는 아토피(만성피부염)뿐 아니라 만성외이염, 결석, 방광염, 모낭충, 건성각결막염(안구건조증), 백내장, 녹내장, 고관절 이형성증, 대퇴골두 무혈성 괴사...",2023-09-06 14:48:00+09:00,https://www.mediapen.com/news/view/852395,https://www.mediapen.com/news/view/852395
강아지아토피,"""우리 강아지 아픈데 펫보험 가입 될까요?"" KB손보에서 가능합니다","예를 들어 슬개골 탈구와 아토피 등 2개 이상의 질환을 동시에 앓고 있는 강아지의 경우 가입이 불가능하다. KB손해보험 관계자는 “현재 국내 반려동물 수는 약 800만 마리로 추정되고, 반려동물을 키우는 반려가구가...",2023-09-06 14:47:00+09:00,https://n.news.naver.com/mnews/article/014/0005068347?sid=101,http://www.fnnews.com/news/202309061424233784
강아지아토피,"KB손보, '펫보험 부담보 인수' 신설…""아픈낭이도 가입가능""","다만, 부담보로 가입 가능 질환은 1개로 제한된다.구체적으로 강아지는 다빈도 질환인 슬개골 탈구, 알러지 또는 아토피(만성피부염)뿐 아니라 만성외이염, 결석, 방광염, 모낭충, 건성각결막염(안구건조증), 백내장...",2023-09-06 14:26:00+09:00,https://news.mtn.co.kr/news-detail/2023090614194624128,https://news.mtn.co.kr/news-detail/2023090614194624128
강아지아토피,"""아픈 강아지도 가입 가능""... KB손보 'KB 금쪽같은 펫보험' 가입 기준 낮...","구체적으로 강아지는 다빈도 질환인 슬개골 탈구, 알러지 또는 아토피(만성피부염), 만성외이염, 결석, 방광염, 모낭충, 건성각결막염(안구건조증), 백내장, 녹내장, 고관절 이형성증, 대퇴골두 무혈성 괴사, 심장사상충...",2023-09-06 12:50:00+09:00,https://www.sportsw.kr/news/newsview.php?ncode=1065579265707522,https://www.sportsw.kr/news/newsview.php?ncode=1065579265707522
강아지아토피,"""슬개골 수술 받아도 가능"" KB손보, 펫보험 문턱 낮췄다",강아지는 계약 전 고지사항에 따른 12개의 질환을 부담보로 가입 가능하다. 다빈도 질환인 △슬개골 탈구 △알러지·아토피(만성피부염) △만성외이염 △결석 △방광염 △모낭충 △건성각결막염(안구건조증) △백내장...,2023-09-06 12:42:00+09:00,http://www.newsprime.co.kr/news/article.html?no=612231,http://www.newsprime.co.kr/news/article.html?no=612231
강아지아토피,"KB손해보험, 'KB 금쪽같은 펫보험' 인수기준 대폭 완화...부담보도 가입...","구체적으로 강아지는 다빈도 질환인 슬개골 탈구, 알러지 또는 아토피(만성피부염)뿐 아니라 만성외이염, 결석, 방광염, 모낭충, 건성각결막염(안구건조증), 백내장, 녹내장, 고관절 이형성증, 대퇴골두 무혈성 괴사...",2023-09-06 12:28:00+09:00,http://www.asiaa.co.kr/news/articleView.html?idxno=138818,http://www.asiaa.co.kr/news/articleView.html?idxno=138818
강아지아토피,"KB손보, 펫보험 특정 질병 '부담보 인수' 신설",강아지는 12개 질환을 부담보 인수할 수 있다. 예시로는 ▲슬개골 탈구 ▲알러지 또는 아토피(만성피부염) ▲만성외이염 ▲결석 ▲방광염 ▲모낭충 ▲건성각결막염(안구건조증) ▲백내장  ▲녹내장 ▲고관절 이형성증...,2023-09-06 12:16:00+09:00,http://www.bizwnews.com/news/articleView.html?idxno=65274,http://www.bizwnews.com/news/articleView.html?idxno=65274
강아지아토피,"KB손보 아픈 반려동물에 펫보험 가입 문턱 낮춰, 부담보 인수 신설",< KB손해보험> 강아지는 △슬개골 탈구 △알러지 또는 아토피(만성피부염) △만성외이염 △결석 △방광염 △모낭충 △건성각결막염(안구건조증) △백내장 △녹내장 △고관절 이형성증 △대퇴골두 무혈성 괴사...,2023-09-06 11:54:00+09:00,https://www.businesspost.co.kr/BP?command=article_view&num=326515,https://www.businesspost.co.kr/BP?command=article_view&num=326515
강아지아토피,KB손보 ‘펫보험 부담보 인수’ 신설… “아픈 동물 가입돼”,강아지는 계약 전 고지사항에 따른 12개의 질환을 부담보로 가입이 가능하다. 해당 질환은 다빈도 질환인 슬개골 탈구·알러지·아토피·만성외이염·결석·방광염·모낭충·건성각결막염(안구건조증)·백내장·녹내장...,2023-09-06 11:14:00+09:00,http://www.skyedaily.com/news/news_view.html?ID=204851,http://www.skyedaily.com/news/news_view.html?ID=204851
강아지아토피,"KB손해보험, 펫보험 활성화 나선다···'금쪽같은 펫보험' 인수기준 대...",강아지는 ▲다빈도 질환인 슬개골 탈구 ▲알러지 또는 아토피(만성피부염) ▲만성외이염 ▲결석 ▲방광염 ▲모낭충 ▲건성각결막염(안구건조증) ▲백내장 ▲녹내장 ▲고관절 이형성증 ▲대퇴골두 무혈성 괴사...,2023-09-06 11:08:00+09:00,http://www.weeklytoday.com/news/articleView.html?idxno=587020,http://www.weeklytoday.com/news/articleView.html?idxno=587020
강아지아토피,"​​KB손보, 펫보험 '부담보 인수' 신설…""질병 있어도 가입 가능""",구체적으로 강아지는 다빈도 질환인 슬개골 탈구 뿐만 아니라 △알러지 △아토피(만성피부염) △만성외이염 △결석 △방광염 △모낭충 △건성각결막염(안구건조증) △백내장 △녹내장 △고관절 이형성증 △대퇴골두...,2023-09-06 11:06:00+09:00,https://www.kpinews.kr/newsView/179572634729348,https://www.kpinews.kr/newsView/179572634729348
강아지아토피,"""아픈 반려견도 가입 가능"" KB손보, 펫보험 인수기준 완화","구체적으로 강아지는 다빈도 질환인 슬개골 탈구, 알러지 또는 아토피(만성피부염)뿐 아니라 만성외이염, 결석, 방광염, 모낭충, 건성각결막염(안구건조증), 백내장, 녹내장, 고관절 이형성증, 대퇴골두 무혈성 괴사...",2023-09-06 11:04:00+09:00,https://www.etoday.co.kr/news/view/2281709,https://www.etoday.co.kr/news/view/2281709
강아지아토피,"""아픈 강아지도 가입""… KB손해보험, 펫보험 인수기준 완화","구체적으로 강아지는 다빈도 질환인 슬개골 탈구, 알러지 또는 아토피(만성피부염)뿐 아니라 만성외이염, 결석, 방광염, 모낭충, 건성각결막염(안구건조증), 백내장, 녹내장, 고관절 이형성증, 대퇴골두 무혈성 괴사...",2023-09-06 11:00:00+09:00,http://www.newsdream.kr/news/articleView.html?idxno=46501,http://www.newsdream.kr/news/articleView.html?idxno=46501
강아지아토피,"KB손보, 펫보험 인수 기준 완화…아픈 동물 가입 가능","구체적으로 강아지는 다빈도 질환인 슬개골 탈구, 알러지 또는 아토피(만성피부염)뿐 아니라 만성외이염, 결석, 방광염, 모낭충, 건성각결막염(안구건조증), 백내장, 녹내장, 고관절 이형성증, 대퇴골두 무혈성 괴사...",2023-09-06 10:52:00+09:00,http://www.goodkyung.com/news/articleView.html?idxno=216325,http://www.goodkyung.com/news/articleView.html?idxno=216325
강아지아토피,"KB손해보험, 펫보험 가입문턱 낮췄다","구체적으로 강아지는 다빈도 질환인 슬개골 탈구, 알러지 또는 아토피(만성피부염)뿐 아니라 만성외이염, 결석, 방광염, 모낭충, 건성각결막염(안구건조증), 백내장, 녹내장, 고관절 이형성증, 대퇴골두 무혈성 괴사...",2023-09-06 10:35:00+09:00,https://n.news.naver.com/mnews/article/029/0002823565?sid=101,https://www.dt.co.kr/contents.html?article_no=2023090602109963084003&ref=naver
강아지아토피,"KB손보, 펫보험 인수기준 완화···""아픈 강아지도 가입""","구체적으로 강아지는 다빈도 질환인 슬개골 탈구, 알러지 또는 아토피(만성피부염)뿐 아니라 만성외이염, 결석, 방광염, 모낭충, 건성각결막염(안구건조증), 백내장, 녹내장, 고관절 이형성증, 대퇴골두 무혈성 괴사...",2023-09-06 10:26:00+09:00,http://www.4th.kr/news/articleView.html?idxno=2046870,http://www.4th.kr/news/articleView.html?idxno=2046870
강아지아토피,펫보험 활성화 위해 발벗고 나선 KB손해보험,"구체적으로 강아지는 다빈도 질환인 슬개골 탈구, 알러지 또는 아토피(만성피부염)뿐 아니라 만성외이염, 결석, 방광염, 모낭충, 건성각결막염(안구건조증), 백내장, 녹내장, 고관절 이형성증, 대퇴골두 무혈성 괴사...",2023-09-06 10:26:00+09:00,https://www.delighti.co.kr/news/articleView.html?idxno=65644,https://www.delighti.co.kr/news/articleView.html?idxno=65644
강아지아토피,"“아픈 강아지도 품는다” KB손해보험, 펫보험 ‘부담보 인수’ 신설",구체적으로 개는 ▷슬개골 탈구 ▷알러지 또는 아토피(만성피부염) ▷만성외이염 ▷결석 ▷방광염 ▷모낭충 ▷건성각결막염(안구건조증) ▷백내장 ▷녹내장 ▷고관절 이형성증 ▷대퇴골두 무혈성 괴사 ▷심장사상충...,2023-09-06 10:25:00+09:00,https://n.news.naver.com/mnews/article/016/0002193528?sid=101,http://news.heraldcorp.com/view.php?ud=20230906000258
강아지아토피,유병력 반려동물도 가입 가능한 ‘KB금쪽같은펫보험’,"구체적으로 강아지는 다빈도 질환인 슬개골 탈구, 알러지 또는 아토피(만성피부염)뿐 아니라 만성외이염, 결석, 방광염, 모낭충, 건성각결막염(안구건조증), 백내장, 녹내장, 고관절 이형성증, 대퇴골두 무혈성 괴사...",2023-09-06 10:18:00+09:00,https://www.ebn.co.kr/news/view/1591353/?sc=Naver,https://www.ebn.co.kr/news/view/1591353/?sc=Naver
강아지아토피,"‘아픈 댕댕이도 가입’ KB손보, 금쪽같은 펫 보험 인수기준 완화",금쪽같은 펫 보험은 강아지의 경우 계약 전 고지사항 12개 질환을 부담보로 가입할 수 있다. 다빈도 질환인 △슬개골 탈구 △알러지 또는 아토피(만성 피부염) △만성 외이염 △결석 △방광염 △모낭충 △건성각결막염...,2023-09-06 10:16:00+09:00,http://sateconomy.co.kr/news/view/1065573863125142,http://sateconomy.co.kr/news/view/1065573863125142
강아지아토피,"""이젠 아픈 댕댕이도 가입 가능""···KB손보, 펫보험 인수기준 완화","구체적으로 강아지는 다빈도 질환인 슬개골 탈구, 알러지 또는 아토피(만성피부염)뿐 아니라 만성외이염, 결석, 방광염, 모낭충, 건성각결막염(안구건조증), 백내장, 녹내장, 고관절 이형성증, 대퇴골두 무혈성 괴사...",2023-09-06 10:07:00+09:00,https://n.news.naver.com/mnews/article/018/0005568161?sid=101,http://www.edaily.co.kr/news/newspath.asp?newsid=01859766635737496
강아지아토피,"KB손보, 반려동물 과거 병력 고지시 펫보험 가입 허용","구체적으로 강아지는 다빈도 질환인 슬개골 탈구, 알러지 또는 아토피(만성피부염)뿐 아니라 만성외이염, 결석, 방광염, 모낭충, 건성각결막염(안구건조증), 백내장, 녹내장, 고관절 이형성증, 대퇴골두 무혈성 괴사...",2023-09-06 09:59:00+09:00,https://n.news.naver.com/mnews/article/092/0002304168?sid=105,https://zdnet.co.kr/view/?no=20230906092541
강아지아토피,"KB손해보험, 펫보험 활성화 앞장","구체적으로 강아지는 다빈도 질환인 슬개골 탈구, 알러지 또는 아토피(만성피부염)뿐 아니라 만성외이염, 결석, 방광염, 모낭충, 건성각결막염(안구건조증), 백내장, 녹내장, 고관절 이형성증, 대퇴골두 무혈성 괴사...",2023-09-06 09:56:00+09:00,https://www.ekoreanews.co.kr/news/articleView.html?idxno=69012,https://www.ekoreanews.co.kr/news/articleView.html?idxno=69012
강아지아토피,"슬개골 빠진 내 댕냥이, 펫보험 들 수 있다… KB손보, 인수기준↓","구체적으로 강아지는 다빈도 질환인 슬개골 탈구, 알러지 또는 아토피(만성피부염)뿐 아니라 만성외이염, 결석, 방광염, 모낭충, 건성각결막염(안구건조증), 백내장, 녹내장, 고관절 이형성증, 대퇴골두 무혈성 괴사...",2023-09-06 09:55:00+09:00,https://n.news.naver.com/mnews/article/417/0000946887?sid=101,http://moneys.mt.co.kr/news/mwView.php?no=2023090609525749665
강아지아토피,"​​​​​​​​​​​​​​""아픈 강아지도 보장""···​","구체적으로 강아지는 다빈도 질환인 슬개골 탈구, 알러지 또는 아토피(만성피부염)뿐 아니라 만성외이염, 결석, 방광염, 모낭충, 건성각결막염(안구건조증), 백내장, 녹내장, 고관절 이형성증, 대퇴골두 무혈성 괴사...",2023-09-06 09:50:00+09:00,https://www.socialvalue.kr/news/view/1065572505550298,https://www.socialvalue.kr/news/view/1065572505550298
강아지아토피,"""아픈 강아지도 가입 가능""…KB손보 펫보험 기준 완화","강아지는 계약 전 고지사항에 따른 12개의 질환을 부담보로 가입할 수 있다. 다빈도 질환인 슬개골 탈구, 알레르기 또는 아토피(만성피부염)뿐 아니라 만성외이염, 결석, 방광염, 모낭충, 건성각결막염(안구건조증)...",2023-09-06 09:44:00+09:00,https://n.news.naver.com/mnews/article/277/0005310130?sid=101,https://view.asiae.co.kr/article/2023090609443201891
강아지아토피,"KB손보, 펫보험 인수 기준 완화…과거 병력 있어도 가입 가능",구체적으로 강아지는 ▲다빈도 질환인 슬개골 탈구 ▲알러지 또는 아토피(만성피부염) ▲만성외이염 ▲결석 ▲방광염 ▲모낭충 ▲건성각결막염(안구건조증) ▲백내장 ▲녹내장 ▲고관절 이형성증 ▲대퇴골두 무혈성...,2023-09-06 09:42:00+09:00,http://www.fntimes.com/html/view.php?ud=202309060938006990645ffc9771_18,http://www.fntimes.com/html/view.php?ud=202309060938006990645ffc9771_18
